,Date,Gender,Party,Theme,Speech_id,Paragraph_id,Text_id,Label,Text,Notes
1,2014-11-14,E,EH Bildu,Gazteak,2014-11-14-2,0,0,Neutroa,"Lehendakaria, sailburuok, legebiltzarkideok, egun on danori.",
2,2014-11-14,E,EH Bildu,Gazteak,2014-11-14-2,1,0,Positiboa,Erkoreka sailburu jauna herri agintariok sinesgarritasuna irabazten dugu hartutako konpromisoak eta emandako berba betetzen dogun neurrian eta hizpide dekogun gai honetan ere agerikoa da Gobernuak hartutako konpromezuak bete egiten dituela.,
3,2014-11-14,E,EH Bildu,Gazteak,2014-11-14-2,2,0,Neutroa,"Izan ere, Ganbara honetan egin zenduen lehenengo agerraldian adierazi zenigun Gobernuak arreta berezia jarriko zuela gazte justizian zer eta Euskadi abanguardian jartzeko gazte urratzaileen bergizarteratzeari dagokionez.",
4,2014-11-14,E,EH Bildu,Gazteak,2014-11-14-2,3,0,Positiboa,Etorkizunera begira dagoen gobernu batek ardura berezia jartzen du gazteei zuzendutako politiketan eta ardura berezi hori areagotu egiten da gazte horiek zailtasun edo premia handiagoak dituztenean.,
5,2014-11-14,E,EH Bildu,Gazteak,2014-11-14-2,11,0,Neutroa,Eta besterik ez. ,
6,2014-11-14,E,EH Bildu,Gazteak,2014-11-14-2,11,1,Positiboa,Aldez aurretik erantzuna eskertu egiten dizut sailburu jauna. ,
7,2014-11-14,E,EH Bildu,Gazteak,2014-11-14-2,11,2,Neutroa,Eskerrik asko.,
8,2014-11-14,G,PNV-G,Gazteak,2014-11-14-4,0,0,Neutroa,Eskerrik asko legebiltzarburu andrea. ,
9,2014-11-14,G,PNV-G,Gazteak,2014-11-14-4,0,1,Neutroa,"Lehendakari, Gobernu kideok, legebiltzarkideok. ",
10,2014-11-14,G,PNV-G,Gazteak,2014-11-14-4,0,2,Neutroa,Egun on guztioi.,
11,2014-11-14,G,PNV-G,Gazteak,2014-11-14-4,1,0,Positiboa,"Otadui andrea, ondo diozunez lan asko eta ona egin izan dute Eusko Jaurlaritza diferenteek azken 20 urteotan gazte justiziaren esparruan eta Gobernu hau, hain zuzen ere, biziki konprometituta, biziki bultzatzen ari da arlo hori, jakin badakigulako gazteengan inbertitzea etorkizunean inbertitzea dela, eta batez ere etorkizuneko elkarbizitzan inbertitzea dela.",
12,2014-11-14,G,PNV-G,Gazteak,2014-11-14-4,2,0,Positiboa,"Honetarako jakin behar da baita ere, zuk ondo asmatu duzunez, gazte politikaren baitan, gazte justiziari buruzkoa atal bat bakarrik dela, beste bi atal garrantzitsuak ere badaude hezkuntzari buruzkoa eta gizarte politikei buruzkoa eta hirurak batera joan behar dute.",
13,2014-11-14,G,PNV-G,Gazteak,2014-11-14-4,3,0,Positiboa,"Hirurak arrakastatsuak izatea garrantzitsua da, bestela gazte justiziak berez bakarrik ezin dezakeela arrakastarik izan. ",
14,2014-11-14,G,PNV-G,Gazteak,2014-11-14-4,3,1,Positiboa,"Euskadin zorionez hirurak batera doaz, koordinatuta eta emaitzak hortxe daude mundu guztiaren aurrean.",
15,2014-11-14,G,EH Bildu,Industria,2014-11-14-6,0,0,Neutroa,Eskerrik asko eta egunon guztioi.,
16,2014-11-14,G,EH Bildu,Industria,2014-11-14-6,1,0,Neutroa,Azken asteotan hainbat enpresen itxieraren iragarpena ezagutu dugu. ,
17,2014-11-14,G,EH Bildu,Industria,2014-11-14-6,1,1,Neutroa,"Itxierarekin batera lanpostuen galera eta pertsona askoren etorkizun ekonomiko, laborala eta pertsonala kolokan gelditzen da.",
18,2014-11-14,G,EH Bildu,Industria,2014-11-14-6,2,0,Neutroa,"Baltogar, Mungian, 49 langile. ",
19,2014-11-14,G,EH Bildu,Industria,2014-11-14-6,2,1,Neutroa,"Arkema, Alonsotegi, 60 langile. ",
20,2014-11-14,G,EH Bildu,Industria,2014-11-14-6,2,2,Neutroa,"Cablenor, Gasteiz, 140 langile. ",
21,2014-11-14,G,EH Bildu,Industria,2014-11-14-6,2,3,Neutroa,"Candy, Bergara, 150 langile. ",
22,2014-11-14,G,EH Bildu,Industria,2014-11-14-6,2,4,Neutroa,Ia 400 langile guztira.,
23,2014-11-14,G,EH Bildu,Industria,2014-11-14-6,3,0,Negatiboa,"Hauek dira krisiaren azken biktimak, arlo industrialean behintzat. ",
24,2014-11-14,G,EH Bildu,Industria,2014-11-14-6,3,1,Negatiboa,"Egia da beste sektoretan ere lanpostuak galtzen ari direla azken urteotan, baina enpresa industrialen itxierak afektatzen duten langile kopuruagatik bereziki deigarri eta mingarri egiten zaizkigu.",
25,2014-11-14,G,EH Bildu,Industria,2014-11-14-6,4,0,Positiboa,"Uste dugu Eusko Jaurlaritzaren papera aktiboagoa izan behar duela gure enpresen defentsan, edozein itxieraren aurrean lubakian egon behar duela, lubakian, dena ematen langileekin, langile eta gure enpresen interesak defendatzen.",
26,2014-11-14,G,EH Bildu,Industria,2014-11-14-6,5,0,Positiboa,"Ikusi nahi dugu Eusko Jaurlaritza enpresen itxiera, mugimendu espekulatiboei eta deslokalizazioei aurre egiten dauzkan tresna guztiekin. ",
27,2014-11-14,G,EH Bildu,Industria,2014-11-14-6,5,1,Negatiboa,"Guk ez dugu horrela ikusten eta jakin izan dugunez, kaltetutako enpresa gehienen langileek ere ez.",
28,2014-11-14,G,EH Bildu,Industria,2014-11-14-6,6,0,Negatiboa,"Honegatik guztiagatik galdetzen diogu Eusko Jaurlaritzari, azken aste hauetan iragarritako industria enpresen itxieraren aurrean, Baltogar, Arkema, Candy, Cablenor besteak beste, Eusko Jaurlaritzak enplegu hauen eta enpresa hauen defentsan neurri proaktiboak hartzeko asmoa du?",Zalantzazkoa
29,2014-11-14,G,EH Bildu,Industria,2014-11-14-6,7,0,Neutroa,Eskerrik asko.,
30,2014-11-14,E,PNV-G,Industria,2014-11-14-8,0,0,Neutroa,Eskerrik asko presidente andrea. ,
31,2014-11-14,E,PNV-G,Industria,2014-11-14-8,0,1,Neutroa,"Lehendakari, sailburuok eta legebiltzarkideok egun on guztioi.",
32,2014-11-14,E,PNV-G,Industria,2014-11-14-8,1,0,Positiboa,"Casanova jauna, gure industria politika osoaren helburua da euskal enpresen lehiakortasuna sustatzea eta horretarako berrikuntzan nazioartekotzea, enplegua sortzeko inbertsioak, finantzaketa, lankidetza, prestakuntza... ",
33,2014-11-14,E,PNV-G,Industria,2014-11-14-8,1,1,Positiboa,"Hainbat eta hainbat neurri ditugu, guztiak jarrera proaktiboarekin enpresen lehiakortasuna laguntzeko.",
34,2014-11-14,E,PNV-G,Industria,2014-11-14-8,2,0,Neutroa,Hala eta guztiz ere ematen dira krisi egoera bizi duten enpresak eta krisi egoera izan daiteke koiunturazkoa baino baita ere egiturazkoa. ,
35,2014-11-14,E,PNV-G,Industria,2014-11-14-8,2,1,Neutroa,"Eta noski, ekonomia uzkutzen denean egoera hauek gehiago izaten dira.",
36,2014-11-14,E,PNV-G,Industria,2014-11-14-8,3,0,Neutroa,Eusko Jaurlaritzak bi eskumen ditu eta bietatik lan egiten du. ,
37,2014-11-14,E,PNV-G,Industria,2014-11-14-8,3,1,Neutroa,Alde batetik enplegua erregulatzeko edota azkentzeko prozesuetan enplegu departamentuak lan egiten du.,
38,2014-11-14,E,PNV-G,Industria,2014-11-14-8,4,0,Neutroa,"Eta beste alde batetik beste eremu batetik gure departamentuak lan egiten du industria eremutik, beti ere Europar Batasunaren araudiak kontutan izanik eta oso muga zorrotzak jartzen dituela kontsideratuz.",
39,2014-11-14,E,PNV-G,Industria,2014-11-14-8,5,0,Neutroa,Krisian dauden enpresak edo dagoen enpresa bati laguntzeko zer behar da? ,
40,2014-11-14,E,PNV-G,Industria,2014-11-14-8,5,1,Neutroa,Beti esan duguna: bideragarritasun plan zehatz eta zorrotz bat.,
41,2014-11-14,E,PNV-G,Industria,2014-11-14-8,6,0,Neutroa,Enpresaburuaren aldeko edo enpresaburuak izan behar du horren aldeko apustua eta apustu ekonomikoa izan behar du gainera Jaurlaritzak laguntzen duena. ,
42,2014-11-14,E,PNV-G,Industria,2014-11-14-8,6,1,Neutroa,"Eta azkenik, enpresaren alde, sozialak ere kontutan izan behar ditugu eta horien baiezkoa izan behar du. ",
43,2014-11-14,E,PNV-G,Industria,2014-11-14-8,6,2,Neutroa,Hori Bideratu Berria programaren barne dago.,
44,2014-11-14,E,PNV-G,Industria,2014-11-14-8,6,3,Neutroa,"Hori dago araututa Europar Batasunean, onartuta baino enpresa handiei ezin zaie aplikatu.",
45,2014-11-14,E,PNV-G,Industria,2014-11-14-8,13,0,Neutroa,Eskerrik asko.,
46,2016-02-19,G,EH Bildu,Hezkuntza,2016-02-19-47,0,0,Neutroa,Bai. ,
47,2016-02-19,G,EH Bildu,Hezkuntza,2016-02-19-47,0,1,Negatiboa,"Uriarte andrea jakinik Lehiaren Euskal Agintaritzak ikerketa bat, iruzurragatik ikerketa bat zabalik zeukala, jakinik kontratazio berri bat egin behar zenutela, jakinik kontratazio berri horretan oinarriak goitik behera aldatzeko Legebiltzar honetan babes politiko zabala zenutela, hori horrela izanagatik, iazko deialdian iruzurrari atea zabalik utzi zaio.",
48,2016-02-19,G,EH Bildu,Hezkuntza,2016-02-19-47,1,0,Negatiboa,"Eta berriro aipatuko dut, jabetza berdina duten enpresen arteko lehia faltsua ahalbidetu zen Jaurlaritzatik iaz, eta hori oso larria da, oso larria da. ",
49,2016-02-19,G,EH Bildu,Hezkuntza,2016-02-19-47,1,1,Neutroa,"Eta gaur bertan aipatu duzu iazko deialdian konkurrentzia librearen aurkako praktikarik ez dela egon, euskaraz eta erdaraz aipatu duzu.",
50,2016-02-19,G,EH Bildu,Hezkuntza,2016-02-19-47,2,0,Negatiboa,"Eta guk gure aldetik egin ditugu zenbaki batzuk, kalkulu batzuk, eta orri hauetan daudenak, eta bueno ikusten dugu iazko deialdiarekin bai 7 milioi euro aurreztu ditu Jaurlaritzak, baina bestetik beste 3 milioi euro utzi ditu aurreztu gabe, 3 milioi. ",
51,2016-02-19,G,EH Bildu,Hezkuntza,2016-02-19-47,2,1,Negatiboa,Iruzurrari ateak zabalik utzi zaizkiolako eta biziatuta dauden katering enpresek horretaz baliatu direlako eta hau larria da. ,
52,2016-02-19,G,EH Bildu,Hezkuntza,2016-02-19-47,2,2,Neutroa,"Eta norbaitek nahi baldin badu ikustea kalkulu hauek zertan oinarritzen diren, eskuragarri izango ditu orri hauek.",
53,2016-02-19,G,EH Bildu,Hezkuntza,2016-02-19-47,3,0,Negatiboa,"Eta zerbait argi geratu baldin bada, Uriarte anderea, azken hamarkadan katering enpresetan oinarritutako jangelak ereduak porrot egin duela da, jangelen % 99ak katering enpresekin kudeatzeak porrot egin duela, eta Jaurlaritzak katering enpresekin egindako megakontratuek porrot egin dutela.",
54,2016-02-19,G,EH Bildu,Hezkuntza,2016-02-19-47,4,0,Neutroa,"Egoera berri honen aurrean, hausnarketa egiteko garaia da. ",
55,2016-02-19,G,EH Bildu,Hezkuntza,2016-02-19-47,4,1,Negatiboa,"Ez da posible gurasoek jangela zerbitzuaren gastuaren % 65a ordaintzea, baina gero inolako erabakimenik ez edukitzea zerbitzu horren inguruan. ",
56,2016-02-19,G,EH Bildu,Hezkuntza,2016-02-19-47,4,2,Positiboa,"Eskolei aukera eman behar zaie beraien kudeaketa ereduak aukeratu eta eredu horiek garatu ahal izateko, eta beti ere noski, langileen lan-baldintzak errespetatuta. ",
57,2016-02-19,G,EH Bildu,Hezkuntza,2016-02-19-47,4,3,Positiboa,"Inguruko baserritar, arrantzale, merkatari txikiekin elkarlana burutzeko aukera eman behar zaie, tokian tokiko dinamikak martxan jarri eta tokiko ekonomia bera bultzatzeko.",
58,2016-02-19,G,EH Bildu,Hezkuntza,2016-02-19-47,5,0,Positiboa,"Uriarte anderea, jangelaren kudeaketan eskolei protagonismoa eman behar zaie. ",
59,2016-02-19,G,EH Bildu,Hezkuntza,2016-02-19-47,5,1,Negatiboa,Umeen eta gazteen elikadura garrantzitsua da eta gaur egun negozio hutsa besterik ez den horretatik aldendu beharra daukagu ahal den guztia. ,
60,2016-02-19,G,EH Bildu,Hezkuntza,2016-02-19-47,5,2,Positiboa,"Eta berriz diot, hausnartzeko garaia da, jangelen inguruko eragileekin bildu eta aukera ezberdinak aztertu eta martxan jartzeko garaia da.",
61,2016-02-19,G,EH Bildu,Hezkuntza,2016-02-19-47,6,0,Negatiboa,Eta aipatu duzu zure interbentzioan proiektu pilotuak zailtasunak dituela martxan jartzeko.,
62,2016-02-19,G,EH Bildu,Hezkuntza,2016-02-19-47,6,1,Neutroa,"Noski, aldaketa guztiek dakartzate bere zailtasunak eta hori horrela izaten da. ",
63,2016-02-19,G,EH Bildu,Hezkuntza,2016-02-19-47,6,2,Negatiboa,Baina zailtasunik handiena eta inongo zalantzarik gabe da Jaurlaritzaren jarrera oztopatzailea proiektu pilotu horrekiko.,
64,2016-02-19,G,EH Bildu,Hezkuntza,2016-02-19-47,6,3,Positiboa,Eta kateringekin ikusi dugun guztiak bilakatu beharko luke proiektu pilotu hori Jaurlaritza honen proiektu estrategiko.,
65,2016-02-19,G,EH Bildu,Hezkuntza,2016-02-19-47,6,4,Positiboa,Eta hori da guk animatzen zaituztegunera.,
66,2016-02-19,G,EH Bildu,Hezkuntza,2016-02-19-47,7,0,Neutroa,"Besterik ez, eskerrik asko.",
67,2016-02-19,G,EH Bildu,OTAN,2016-02-19-55,0,0,Neutroa,"Bai, egun on denoi. ",
68,2016-02-19,G,EH Bildu,OTAN,2016-02-19-55,0,1,Neutroa,Eskerrik asko legebiltzar buru andrea.,
69,2016-02-19,G,EH Bildu,OTAN,2016-02-19-55,1,0,Neutroa,"Lehendakari jauna, mendebaldeko hainbat potentziek 1949an Ipar Atlantikoko erakundearen tratatua NATO-OTAN sinatu zuten Washingtonen. ",
70,2016-02-19,G,EH Bildu,OTAN,2016-02-19-55,1,1,Neutroa,"Garai hartan, testu inguru horretan Sobietar Batasunaren Varsoviako itunaren aurrean eta, oro har, Gerra Hotzaren garaian defentsa militarrean elkarri laguntzeko helburuarekin.",
71,2016-02-19,G,EH Bildu,OTAN,2016-02-19-55,2,0,Negatiboa,"Espainiar Estatua Tratatu horretan sartu zen 1982an, UCDren Gobernua zela, presaka, korrika eta isilpeka. ",
72,2016-02-19,G,EH Bildu,OTAN,2016-02-19-55,2,1,Negatiboa,"Sarrera hura herritarren iritziarekin erkatzeko eta horrela ez zuen legitimitatea bilatzeko erreferenduma antolatu zuen 1986an PSOEk, orduan Espainiar Gobernuko arduretan zegoen.",
73,2016-02-19,G,EH Bildu,OTAN,2016-02-19-55,3,0,Negatiboa,"Lehenago kontrakoa esan bazuen ere, OTAN de entrada no famatu horrekin, Gobernuak iristen zuen orduan interes nazionalaren alde Espainiak mantendu behar zuela NATO. ",
74,2016-02-19,G,EH Bildu,OTAN,2016-02-19-55,3,1,Neutroa,"Estatu osoan egin zen erreferendumaren emaitza % 42a baiezkoa izan zen, % 39a ezezkoa.",
75,2016-02-19,G,EH Bildu,OTAN,2016-02-19-55,4,0,Neutroa,Hego Euskal Herriko lau herrialdeetan mobilizazio herritar handia egon zen eta gehiengoak NATOaren kontra argi eta garbi bozkatu zuen.,
76,2016-02-19,G,EH Bildu,OTAN,2016-02-19-55,4,1,Neutroa,"Kontrako bozkek 828.000 bikoiztu zuten aldekoak, 424.000, oso parte hartze handia izan zela.",
77,2016-02-19,G,EH Bildu,OTAN,2016-02-19-55,5,0,Neutroa,"Herritarren ebazpena argia izan zen guztiz, Euskal Herriak ez zuen nahi NATOren parte izatea. ",
78,2016-02-19,G,EH Bildu,OTAN,2016-02-19-55,5,1,Positiboa,"Herri burujabe baten ekimen burujabea izan zen erabaki hura, auto burujabea bai forman eta bai fondoan.",
79,2016-02-19,G,EH Bildu,OTAN,2016-02-19-55,6,0,Positiboa,Pentsatzen dut herri honetan barru-barrutik errotua egon dela hartutako erabaki hura. ,
80,2016-02-19,G,EH Bildu,OTAN,2016-02-19-55,6,1,Positiboa,"Ostean ere hala gertatu da, urteen poderioz erabaki hark lekua egin du gure baitan, adinagatik baita ere erreferendum horretan bozkatu ezin genuenon baitan ere.",
81,2016-02-19,G,EH Bildu,OTAN,2016-02-19-55,7,0,Positiboa,"Erabakitzeko ariketa demokratikoa izanagatik eta baita ere erabakitakoagatik, edukiagatik, mamiagatik. ",
82,2016-02-19,G,EH Bildu,OTAN,2016-02-19-55,7,1,Neutroa,NATOri ez esateak kontzientzia eragozpenaren mugimendua edo ostean Espainiar ejertzitoaren intsumisioaren olatua eragin zuen.,
83,2016-02-19,G,EH Bildu,OTAN,2016-02-19-55,8,0,Positiboa,"Zuk zeuk ere lehendakari jauna, aurreko beste galdera batean zure burua hartu zuen objektoretzat, gutako askok intsumituak izango ginen geroago, baina pentsatzen dut harrotasun berdinaz. ",
84,2016-02-19,G,EH Bildu,OTAN,2016-02-19-55,8,1,Neutroa,"NATOri ez erabaki horretatik edan zuen mugimendu antimilitarista, gerraren kontrako mugimenduak eta baita ere herrien arteko elkartasunaren aldeko mugimendua.",
85,2016-02-19,G,EH Bildu,OTAN,2016-02-19-55,9,0,Positiboa,"Erabaki hura hartzeak eta agian ere txanponaren beste aldea, erabakitakoa kontutan ez hartzeak, egindako auto demokratiko hura errefusatzeak edo mesprezatzeak, NATOren inposizioaren kontrako iritzia eta oro har ejertzitoen kontrako iritzia hedatzea ekarri zuen Euskal Herri osoan. Orduan erabaki zena, pentsatzen dut, gaurkotasun osoa du. ",Zalantzazkoa
86,2016-02-19,G,EH Bildu,OTAN,2016-02-19-55,9,1,Positiboa,"Ez dugu ahaztu, erabakitakoa ez onartzeak ere, pentsatzen dut gaurkotasun osoa du, eta hori ere ez dugu ahaztu nahi.",
87,2016-02-19,G,EH Bildu,OTAN,2016-02-19-55,18,0,Neutroa,Euskal Herriko lurraldean ere ikusi dugu OTANen operazioen eszenatokia ekarri dela. ,
88,2016-02-19,G,EH Bildu,OTAN,2016-02-19-55,18,1,Neutroa,Bardenetako esparru naturalean mota guztietako armak erabili dira ariketa militarretan. ,
89,2016-02-19,G,EH Bildu,OTAN,2016-02-19-55,18,2,Negatiboa,"Horrek, gainera, istripuak, kalteak eta era guztietako eragin negatiboak ekarri dizkigu.",
90,2016-02-19,G,EH Bildu,OTAN,2016-02-19-55,19,0,Negatiboa,Orain dela gutxi ezagutu genuen eta hona ere ekarri genuen (...) 2015 izena zuten ariketen harira Santurtziko portuan ehunka soldadu eta ibilgailu lurreratu zirela eta gure lurraldea zeharkatu zutela harropuzkeria osoz.,
91,2016-02-19,G,EH Bildu,OTAN,2016-02-19-55,20,0,Negatiboa,"Ez zen izan orden publikoko arazo bat, ez zen izan trafiko arazo bat, baizik eta nik pentsatzen dut benetan aintzat hartzen dugunontzako orain dela 30 urte eman zen erreferendum horren emaitza guztiz iraingarria izan zela NATOren blindatu guzti horien ilarak ikustea. ",
92,2016-02-19,G,EH Bildu,OTAN,2016-02-19-55,20,1,Negatiboa,Pentsatzen dut honek laido bat suposatzen zuela herritar askorekiko. ,
93,2016-02-19,G,EH Bildu,OTAN,2016-02-19-55,20,2,Negatiboa,"Erreferendum hartan bozkatu zuen gehiengo batentzat edo, nire moduan, bozkatu ezin genuenontzat, baina esaten dudan moduan, aintzat hartzen zuena erreferendumaren emaitza agrabio bat suposatzen zuen.",
94,2016-02-19,G,EH Bildu,OTAN,2016-02-19-55,21,0,Negatiboa,"Eta galdetu nahi dizut, lehendakari, ea zuretzat ere horrelako sentimendu bat, horrelako agrabio sentimendu bat konpartitzen ahal duzun. ",
95,2016-02-19,G,EH Bildu,OTAN,2016-02-19-55,21,1,Neutroa,Erabakitzeko...,
96,2016-02-19,G,EH Bildu,OTAN,2016-02-19-55,23,0,Negatiboa,"...galdetu nahi dizut, lehendakari, ea zuretzat ere holako sentimendu bat, holako agrabio sentimendu bat konpartitzen al duzun. ",
97,2016-02-19,G,EH Bildu,OTAN,2016-02-19-55,23,1,Neutroa,Erabakitzeko ahalmena eta erabakitakoa betetzeko ahalmena. ,
98,2016-02-19,G,EH Bildu,OTAN,2016-02-19-55,23,2,Positiboa,Hauxe herri eta herritar burujabeen froga nabarmenena. ,
99,2016-02-19,G,EH Bildu,OTAN,2016-02-19-55,23,3,Positiboa,"Horixe demokraziaren oinarria eta esentzia, horixe erabakitzeko eskubidearen adierazle potenteena.",
100,2016-02-19,G,EH Bildu,OTAN,2016-02-19-55,24,0,Negatiboa,Horrelako paktu militar baten parte izateko arrazoirik ez genuen eta gaur egun pentsatzen dut ez daukagula. Horren aurrean berrezten dugu garrantzitsuak zaizkigun erabakiak era demokratikoan hartu behar ditugula eta eragile politiko eta instituzional guztiek errespetatu behar dituztela.,Bi esaldi daude
101,2016-02-19,G,EH Bildu,OTAN,2016-02-19-55,25,0,Positiboa,"Hau guztia esanda, hau da gure galdera, zer egin daiteke Eusko Jaurlaritzaren partetik herritarrek NATOren aurka adierazitako auto libre hura balioan ipintzeko eta nolabait ahal den neurrian indarrean sar dadin?",
102,2016-02-19,G,EH Bildu,OTAN,2016-02-19-55,26,0,Neutroa,Eskerrik asko.,
103,2016-02-19,G,PNV-G,OTAN,2016-02-19-57,0,0,Neutroa,"Eskerrik asko, legebiltzarburu andrea.",
104,2016-02-19,G,PNV-G,OTAN,2016-02-19-57,1,0,Neutroa,"Arzuaga jauna, hasteko eta behin onartu behar dut aurkeztu duzuen interpelazioa ez dela batere erraza erantzuteko, onartu egin behar dut, baina saiatuko naiz hala eta guztiz ere. ",
105,2016-02-19,G,PNV-G,OTAN,2016-02-19-57,1,1,Neutroa,"Zure interpelazioan aipatzen duzun moduan 30 urte igaro dira eta egungo egoera erabat desberdina da, Euskadi desberdina da eta batez ere nazioarteko harremanak goitik behera aldatu egin dira.",
106,2016-02-19,G,PNV-G,OTAN,2016-02-19-57,2,0,Neutroa,Zure galdera Varsoviako ituna aipatzen duzu eta Berlineko harresiaren ondorengo errealitatean pentsatzean besterik ez dago ikusteko erabateko aldaketa hori. ,
107,2016-02-19,G,PNV-G,OTAN,2016-02-19-57,2,1,Neutroa,"Berez, azken urteetan NATOren partaide izatera pasa diren estatuen zerrenda irakurtzea besterik ez dago: Bulgaria, Errumania, Polonia, Txekiar Errepublika, Albania edo Hungaria besteak beste. ",
108,2016-02-19,G,PNV-G,OTAN,2016-02-19-57,2,2,Neutroa,Horrek ekarri behar gaitu behar den bezala aztertzera 30 urte hauetan izan den aldaketa.,
109,2016-02-19,G,PNV-G,OTAN,2016-02-19-57,3,0,Neutroa,"Ez hori bakarrik, NATO organizazioa bera ere errealitate berri honi egokitu egin dela esango nuke, bere zeregina eta batez ere bere protagonismoa desberdinak dira duela 30 urtekoak zirenak zirela eta oraingoak direnak direlarik horiek alderatuz.",
110,2016-02-19,G,PNV-G,OTAN,2016-02-19-57,11,0,Neutroa,"Egoera berria da beraz, eta duela hiru hamarkadako espiritu hura eguneratzea dagokigu. ",
111,2016-02-19,G,PNV-G,OTAN,2016-02-19-57,11,1,Positiboa,Gobernuaren partetik balioak sustatzearen aldeko ahalegina nabarmenduko nuke zure galderari erantzunez. ,
112,2016-02-19,G,PNV-G,OTAN,2016-02-19-57,11,2,Positiboa,"Alde batetik, bakearen aldeko hezkuntza eta kultura bat sustatuz; bestetik, elkartasunaren eta kooperazioaren balioak bultzatuz Euskadi mailan eta mundura begira.",
113,2016-02-19,G,PNV-G,OTAN,2016-02-19-57,12,0,Neutroa,"Eusko Jaurlaritzak ez du inolako harremanik NATO erakundearekin, baina bai beste nazioarteko hainbat erakunderekin. ",
114,2016-02-19,G,PNV-G,OTAN,2016-02-19-57,12,1,Positiboa,Europa harreman sare sendo bat da eta Euskadik parte hartzen du eta eragilea izan nahi du. ,
115,2016-02-19,G,PNV-G,OTAN,2016-02-19-57,12,2,Positiboa,"Bestetik, mundu zabalean harreman sare zabal bat ere badugu guk geuk, Euskal Etxeen adibidea nabarmena delarik, nondik balore hauek hedatzen saiatzea posiblea den.",
116,2016-02-19,G,PNV-G,OTAN,2016-02-19-57,13,0,Positiboa,"Nazioarteko ikuspegi hau kontuan izanda, aurten Donostiako Europako Kultura Hiriburua da eta gure proiektuaren xedea elkarbizitza, bizikidetza sustatzea eta zabaltzea du oinarri. ",
117,2016-02-19,G,PNV-G,OTAN,2016-02-19-57,13,1,Positiboa,"Hauek dira beraz azpimarratu nahi ditugun balioak Euskadin bertan eta gure kanpo harremanetan, egun bizi dugun eszenatoki globalean.",
118,2016-02-19,G,PNV-G,OTAN,2016-02-19-57,18,0,Positiboa,"Erreferendumetik 30 urte pasa dira eta galdera da, beraz, nola interpretatu eta kudeatu gaur herriaren borondatetik sortutako adierazpen hura; interpretatu eta kudeatu gure eskuduntzak eta eskumen praktikoak kontuan izanda; interpretatu egungo egoeraren errealitate sozialarekin bat eginda.",
119,2016-02-19,G,PNV-G,OTAN,2016-02-19-57,19,0,Positiboa,"Nire iritziz, gertaera hark gaur funtsezko esanahi bat du: Nazioarte mailako harremanen inguruan euskal gizarteak bat egin zuen eta bat egiten jarraitzen du konponbide ez belikoekin, bide diplomatikoekin eta elkarrizketa bideekin, bat egiten du alde-aniztasunarekin nazioarteko harremanetan.",
120,2016-02-19,G,PNV-G,OTAN,2016-02-19-57,20,0,Neutroa,"Jarrera bera ikusi zen Iraken inbasioa gertatu zenean, nahiz eta ez zen herri kontsulta bitartez egin. ",
121,2016-02-19,G,PNV-G,OTAN,2016-02-19-57,20,1,Neutroa,"Horrela aldarrikatu dugu modu praktikoan Frantziako, Maliko edo Afganistaneko atentatuen aurka deitu ditugun elkartasun ekitaldietan. ",
122,2016-02-19,G,PNV-G,OTAN,2016-02-19-57,20,2,Neutroa,Ekitaldi publiko horietan defenditu genuena jarraituko dugu defendatzen. ,
123,2016-02-19,G,PNV-G,OTAN,2016-02-19-57,20,3,Positiboa,"Indarkeria, eta gerra guztien kontra eginez, elkarrizketa, elkartasuna eta kooperazioaren aldeko balioak eta kultura zabalduz.",
124,2016-02-19,G,PNV-G,OTAN,2016-02-19-57,21,0,Neutroa,Eskerrik asko.,
125,2016-02-19,G,EH Bildu,OTAN,2016-02-19-59,0,0,Positiboa,"Bai, eskerrik asko emandako azalpenengatik eta baita ere doinuagatik, izan ere, hauxe bera nahi nuelako. Ariketa bat eztabaidatzeko eta pixka bat ezagutzeko Jaurlaritzaren partetik ere ea ze jarrera zegoen.",
126,2016-02-19,G,EH Bildu,OTAN,2016-02-19-59,1,0,Neutroa,"Bai, egia da orain dela 30 urte egin zen erreferendum horren emaitzaren inguruan eta baita ere, erreferendumaren edukiaren inguruan. ",
127,2016-02-19,G,EH Bildu,OTAN,2016-02-19-59,1,1,Negatiboa,"Hau da, OTANen existentzia eta OTANi kateatuta egotearen gertakizunaren inguruan.",
128,2016-02-19,G,EH Bildu,OTAN,2016-02-19-59,2,0,Neutroa,"Pentsatzen dut, beno, nik behintzat hemen nagoenetik sekula ez dela eman eztabaida hau, Legebiltzar honetan. ",
129,2016-02-19,G,EH Bildu,OTAN,2016-02-19-59,2,1,Neutroa,Eta horregatik baita ere interesgarritzat hartzen genuen jakitea Gobernuaren iritzia zein zen. ,
130,2016-02-19,G,EH Bildu,OTAN,2016-02-19-59,2,2,Neutroa,"Erreferendumaren klabe berdinetan, alde, kontra edo abstentzioa.",
131,2016-02-19,G,EH Bildu,OTAN,2016-02-19-59,3,0,Neutroa,"Gainera, kontutan hartuta orduan gobernuaren burua Ardanza zela, ba bai hartu zuela posizioa aldekoa izan zela. ",
132,2016-02-19,G,EH Bildu,OTAN,2016-02-19-59,3,1,Neutroa,"Eta horregatik jakin nahi nuen gaur egun, 30 urtetan pasata, ea zein zen Eusko Jaurlaritzaren horren inguruko ikuspegia.",
133,2016-02-19,G,EH Bildu,OTAN,2016-02-19-59,4,0,Neutroa,"Oroimenaz hitz egiten didazu, baina nik ez dut oroimenaren ikuspegi batetik, ez dut orain dela 30 urtetako kontu bat bezala hartu nahi, baizik eta nik pentsatzen dut eguneko kontu bat dela.",
134,2016-02-19,G,EH Bildu,OTAN,2016-02-19-59,5,0,Positiboa,"Bi aldeetatik, bata erabakitzeko eskubideaz, gaur eguneko kontu bat delako, hau erabakitzeko gai garrantzitsu bat pentsatzen dudalako dela. ",
135,2016-02-19,G,EH Bildu,OTAN,2016-02-19-59,5,1,Neutroa,"Eta beno, hemen bertan ahalduntze legea ere tratatuko dugu, honen inguruan galdeketak egitearen inguruko eskubideaz hitz egingo dugu. ",
136,2016-02-19,G,EH Bildu,OTAN,2016-02-19-59,5,2,Negatiboa,"Nahiz eta egia da gaur bertan agertzen den Espainiaren Eskumen Koordinaziorako zuzendariaren partetik ere, etorri direla limite edo kontrakotasun batzuk. ",
137,2016-02-19,G,EH Bildu,OTAN,2016-02-19-59,5,3,Neutroa,"Baina esaten dudan moduan, erabakitzeko eskubidearen ikuspegi batetik, eta bestetik, zer erabakitzen den.",
138,2016-02-19,G,EH Bildu,OTAN,2016-02-19-59,10,0,Negatiboa,"Seguramente, garai hartan bozkatzen zenean ezezkoa, neutraltasunaren aldeko bozka egiten zen, baina gaur pentsatzen dut ezezkoa, OTANi ezezkoa esatea ez dela neutrala. ",
139,2016-02-19,G,EH Bildu,OTAN,2016-02-19-59,10,1,Negatiboa,Ezezko berri honek nolabait gerraren kontrako ezezko bat da. ,Zalantzazkoa
140,2016-02-19,G,EH Bildu,OTAN,2016-02-19-59,10,2,Negatiboa,Erasoen kontrako ezezko bat da. Inperialismoaren kontrako ezezko bat da. ,Zalantzazkoa
141,2016-02-19,G,EH Bildu,OTAN,2016-02-19-59,10,3,Negatiboa,Besteen errekurtso ekonomiko edo naturalen espoliazioaren kontrako ezezko bat da. ,
142,2016-02-19,G,EH Bildu,OTAN,2016-02-19-59,10,4,Negatiboa,Bizi iraupenaren aldeko ezezko bat da. ,
143,2016-02-19,G,EH Bildu,OTAN,2016-02-19-59,10,5,Negatiboa,Nazioarteko legediaren aldeko ezezko bat da. ,
144,2016-02-19,G,EH Bildu,OTAN,2016-02-19-59,10,6,Negatiboa,Giza eskubideen aldeko ezezko bat da. ,
145,2016-02-19,G,EH Bildu,OTAN,2016-02-19-59,10,7,Neutroa,Nazio Batuen Itunaren printzipioen...,
146,2016-02-19,G,EH Bildu,OTAN,2016-02-19-59,12,0,Negatiboa,"...nazioarteko legediaren aldeko ezezko bat da, giza eskubideen aldeko ezezko bat da, Nazio Batuen Gutunaren printzipioen aldeko ezezko bat da eta duintasunaren aldeko ezezko bat da.",
147,2016-02-19,G,EH Bildu,OTAN,2016-02-19-59,13,0,Neutroa,"Eta ezezko hori da EH Bildu taldeak berretsi nahi duena bai hemen interpelazio honetan, bai hemen Parlamentuan, baita ere aurrerabidea pixka bat markatzeko.",
148,2016-02-19,G,EH Bildu,OTAN,2016-02-19-59,14,0,Neutroa,Eskerrik asko.,
149,2016-02-19,G,PNV-G,OTAN,2016-02-19-61,0,0,Neutroa,"Eskerrik asko, legebiltzar-buru andrea.",
150,2016-02-19,G,PNV-G,OTAN,2016-02-19-61,1,0,Neutroa,"Arzuaga jauna, oroimenaz eta errealitateaz nik uste dut errealitatea aldatu egin dela erro-errotik lehen aipatu egin dizudan Varsoviako Itunean parte hartzen zuten herrialdeek non parte hartzen dute orain, zergatik izango litzatekeen, zein den OTANen errealitatea. ",
151,2016-02-19,G,PNV-G,OTAN,2016-02-19-61,1,1,Neutroa,Nik uste dut hor argi dagoela errealitatea guztiz ezberdina izan daitekeela.,
152,2016-02-19,G,PNV-G,OTAN,2016-02-19-61,2,0,Neutroa,Nolabait planteatu egiten duzu (...) erabakitzeko eskubidearekin. ,
153,2016-02-19,G,PNV-G,OTAN,2016-02-19-61,2,1,Neutroa,"Hala eta guztiz ere, nik ohartarazi nahi dizut duela 30 urte izandako erreferenduma kontsultiboa izan zela. ",
154,2016-02-19,G,PNV-G,OTAN,2016-02-19-61,2,2,Neutroa,"Beraz, gauzak bere puntuan utzi beharko genituzke.",
155,2016-02-19,G,PNV-G,OTAN,2016-02-19-61,3,0,Neutroa,"Zuk galdetzen didazu Eusko Jaurlaritzak praktikan zer egingo duen eta argi erantzungo dizut, demagogiarik gabe: Gure eskumenekin eta erantzukizunekin bat eginda.",
156,2016-02-19,G,PNV-G,OTAN,2016-02-19-61,4,0,Neutroa,Erantzun dizut nazioarteko agindu berria eta bizi dugun errealitate soziala kontutan izanda. ,
157,2016-02-19,G,PNV-G,OTAN,2016-02-19-61,4,1,Positiboa,Esan dizkizudan balioen ikuspuntuak  - zuk aipatutako batzuekin bat egiten dituztenek -  funtsezkoa da gure herriarentzat eta baieztatu ahal dizut funtsezkoa dela niretzat ere.,
158,2016-02-19,G,PNV-G,OTAN,2016-02-19-61,5,0,Positiboa,"Etxe barrura begira, Jaurlaritzaren ekimena kontuan hartuta eta gure gizartearen baitan, gogor jarraituko dugu lanean aldaketa kultural baten alde. ",
159,2016-02-19,G,PNV-G,OTAN,2016-02-19-61,5,1,Positiboa,"Humanismoaren balioetan, pertsonari zor zaion errespetuan, giza eskubideetan, berdintasunean, justizian eta bakean oinarritutako, ongi hezitako eta kontzientziatutako gizarte bat sustatuko dugu edo sustatu nahi dugu.",
160,2016-02-19,G,PNV-G,OTAN,2016-02-19-61,6,0,Neutroa,Hori da Jaurlaritzaren jarduera eremu bakoitzeko zehar-ildoa. ,
161,2016-02-19,G,PNV-G,OTAN,2016-02-19-61,6,1,Neutroa,"Eragin berezia du hezkuntzan, kulturan, gaztedian, lankidetzan, bakea eta bizikidetzan, berdintasunean eta gizarte politiketan. ",
162,2016-02-19,G,PNV-G,OTAN,2016-02-19-61,6,2,Positiboa,Euskal gizartearekin dugun harremanean behar den bakoitzean mugitzen gara gerra eta nazioarteko terrorismoaren aurka eta biktimen alde.,
163,2016-02-19,G,PNV-G,OTAN,2016-02-19-61,7,0,Positiboa,"Etxe barrura begira, lanean dihardugu bake eta bizikidetza testuinguru bat bermatzeko, terrorismoaren eta biolentziaren hainbat hamarkada ondoren. Horrekin guztiarekin, duela 30 urte hartutako erabakiaren ildotik jarraitzen dugula uste dut.",Bi esaldi daude
164,2016-02-19,G,PNV-G,OTAN,2016-02-19-61,14,0,Positiboa,Ahotsa eta eragiteko ahalmena dugun foru guztietan erabiltzen jarraituko dugu nazioarteko bizikidetza defendatzeko errespetuaren eta elkarrizketaren balioetan oinarrituta.,
165,2016-02-19,G,PNV-G,OTAN,2016-02-19-61,15,0,Neutroa,Eskerrik asko.,
166,2020-02-07,E,EH Bildu,Berdintasuna,2020-02-07-2,0,0,Neutroa,"Eskerrik asko, presidenta andrea. ",
167,2020-02-07,E,EH Bildu,Berdintasuna,2020-02-07-2,0,1,Neutroa,"Lehendakaria, sailburuak, legebiltzarkideak, egun on guztioi.",
168,2020-02-07,E,EH Bildu,Berdintasuna,2020-02-07-2,1,0,Positiboa,"Zupiria jauna, jakin badakigu gizon eta emakumeen berdintasunean aurrera egiteko Jaurlaritza honek hainbat politika jarri dituela martxan legealdi honetan zehar. ",
169,2020-02-07,E,EH Bildu,Berdintasuna,2020-02-07-2,1,1,Positiboa,"Pentsatzen dugu, gainera, beharrezkoa dela berdintasunaren arloan espresuki eragiteko neurriak martxan jartzea, eta, hauek, ez etortzea bakarrik Emakundetik, baizik eta modu transbertsal batean planteatzea.",
170,2020-02-07,E,EH Bildu,Berdintasuna,2020-02-07-2,2,0,Positiboa,"Garrantzitsua da oinarrizko ardatz bat delako, eta oinarrizko ardatz hauek sail bakoitzak bere eragin esparrutik markatzea garrantzitsua iruditzen zaigu, berdintasun erreala lortzeko bide horretan gure egunerokotasunean barneratuta...",
171,2020-02-07,E,EH Bildu,Berdintasuna,2020-02-07-2,4,0,Positiboa,"... bakoitzak bere eragin esparrutik markatzea garrantzitsua iruditzen zaigu, berdintasun erreala lortzeko bide horretan gure egunerokotasunean barneratuta eduki behar dugun kontu bat delako.",
172,2020-02-07,E,EH Bildu,Berdintasuna,2020-02-07-2,5,0,Neutroa,"Jakin badakigu ere bai zuen Sailetik, Kultura eta Hizkuntza Politiken Sailetik martxan jartzen direla hainbat neurri eta hainbat erabaki hartu direla, Hizkuntza Politikako sailburuordeari entzun izan diogu batzordean ere gai honen inguruan hitz egiten. ",
173,2020-02-07,E,EH Bildu,Berdintasuna,2020-02-07-2,5,1,Neutroa,"Baina, gaurkoan, jakineko genuke Kultura Sailburuordetzatik egiten den hori zer dan. ",
174,2020-02-07,E,EH Bildu,Berdintasuna,2020-02-07-2,5,2,Positiboa,"Badakigu kultura eraldatzailea dela, beharrezkoa daukagula gizarte kohesiorako, eta jakin nahiko genuke honetan, berdintasun arloan, zein neurri hartzen diren, bai kanpora begira gizarteari zuzenean eragiteko, baina baita ere bai barne lan horretan egunerokotasunean jarduteko barneratutako neurri horiek.",
175,2020-02-07,E,EH Bildu,Berdintasuna,2020-02-07-2,6,0,Neutroa,"Aldez aurretik, eskerrak eman.",
176,2020-02-07,G,PNV-G,Berdintasuna,2020-02-07-4,0,0,Neutroa,"Legebiltzarburu andrea, lehendakaria, gobernukideok legebiltzarkideok, Gurrutxaga andrea, egun on guztioi.",
177,2020-02-07,G,PNV-G,Berdintasuna,2020-02-07-4,1,0,Neutroa,"Emakumeen eta Gizonen Berdintasunari buruzko 2005ko Legeak ezarritakoa betez, Kultura eta Hizkuntza Politika Sailak indarrean du legealdirako berdintasun plana. ",
178,2020-02-07,G,PNV-G,Berdintasuna,2020-02-07-4,1,1,Neutroa,"Baina gaur Sail barruan egindako ekimenez haratago, Kultura Sailburuordetzatik berdintasunaren alde sustatu ditugun ekintzen berri emango dut, gure legebiltzarkideak horrela eskatuta.",
179,2020-02-07,G,PNV-G,Berdintasuna,2020-02-07-4,2,0,Positiboa,Erabateko garrantzia ematen diogu kultura arloan Euskadin emakume eta gizonen berdintasunean aurrera egiteko helburuari. ,
180,2020-02-07,G,PNV-G,Berdintasuna,2020-02-07-4,2,1,Positiboa,"Kultura ezinbesteko elementua da, zuk esan duzun bezala, gizarte aurreratuagoak, kohesionatuagoa eta askeagoa eraikitzeko bidean. ",
181,2020-02-07,G,PNV-G,Berdintasuna,2020-02-07-4,2,2,Positiboa,Eta emakume eta gizonen arteko berdintasunean sakontzea horretarako ezinbestekoa da.,
182,2020-02-07,G,PNV-G,Berdintasuna,2020-02-07-4,3,0,Neutroa,Hiru multzotan sailkatuko ditut sustatu ditugun ekintzak. ,
183,2020-02-07,G,PNV-G,Berdintasuna,2020-02-07-4,3,1,Neutroa,"Batetik, Saileko lankideontzat formakuntza berdintasunean; bestetik, ikerketak eta diagnosiak, eta, hirugarrenik kultura sektoreko emakumeen ahalduntzea.",
184,2020-02-07,G,PNV-G,Berdintasuna,2020-02-07-4,4,0,Neutroa,Hona sustatutako ekimen nagusiak. ,
185,2020-02-07,G,PNV-G,Berdintasuna,2020-02-07-4,4,1,Neutroa,"Formakuntzari dagokionean, 2018an, Kultura Saileko hamar langiletatik hiruk zuten formakuntza berdintasunean; 2019an, hamarretik lauk; eta, 2020an, lankideen erdiak formakuntza edukitzea da helburua.",
186,2020-02-07,G,PNV-G,Berdintasuna,2020-02-07-4,4,2,Positiboa,"Dirulaguntzetan, kontratuetan eta hitzarmenetan berdintasun klausulak modu egokian txertatzea du helburu formakuntza honek.",
187,2020-02-07,G,PNV-G,Berdintasuna,2020-02-07-4,5,0,Neutroa,Bigarren: ikerketa eta diagnosiei buruz lau ikerketa nabarmendu nahi ditut. ,
188,2020-02-07,G,PNV-G,Berdintasuna,2020-02-07-4,5,1,Neutroa,"Batetik, udalen, foru aldundien eta Jaurlaritzaren kultur arloko dirulaguntza deialdi guztiak aztertu dira, orotara 63. ",
189,2020-02-07,G,PNV-G,Berdintasuna,2020-02-07-4,5,2,Neutroa,"Horietatik, 30rek dituzte berdintasun klausulak txertatuta. ",
190,2020-02-07,G,PNV-G,Berdintasuna,2020-02-07-4,5,3,Positiboa,"Goranzko joera argia dago, baina bada zer hobetu.",
191,2020-02-07,G,PNV-G,Berdintasuna,2020-02-07-4,6,0,Neutroa,"Bigarren Ikerketa: antzerkia, dantza, liburuak eta musikaren arloan genero berdintasunaren diagnostikoa. ",
192,2020-02-07,G,PNV-G,Berdintasuna,2020-02-07-4,6,1,Neutroa,Ikerketak agerian utzi du enpresa eta erakunde kulturaletako zuzendaritzetan emakumeen presentzia % 34koa dela. ,
193,2020-02-07,G,PNV-G,Berdintasuna,2020-02-07-4,6,2,Neutroa,Emakumeek idatzitako liburuak ere % 34 dira.,
194,2020-02-07,G,PNV-G,Berdintasuna,2020-02-07-4,7,0,Neutroa,"Beste muturrean, 2018ko koreografia sorkuntzarako laguntzetan, hamarretik ia zazpi laguntza emakumeentzat izan dira.",
195,2020-02-07,G,PNV-G,Berdintasuna,2020-02-07-4,8,0,Neutroa,Hirugarren ikerketa: genero politikak museo eta arte zentroetan izenekoa. ,
196,2020-02-07,G,PNV-G,Berdintasuna,2020-02-07-4,8,1,Negatiboa,"Desoreka dago erakusketetan, emakumeenak % 35, gizonezkoenak % 65. ",
197,2020-02-07,G,PNV-G,Berdintasuna,2020-02-07-4,8,2,Negatiboa,Emakumeek ordainsari txikiagoa jasotzen dute erakusketengatik eta espazio txikiagoa okupatzen dute.,
198,2020-02-07,G,PNV-G,Berdintasuna,2020-02-07-4,9,0,Neutroa,"Eta, azkenik, artearen, kultura eta sormen industrien estatistika. ",
199,2020-02-07,G,PNV-G,Berdintasuna,2020-02-07-4,9,1,Neutroa,"Modan, hizkuntzaren industrietan eta publizitatean emakumezkoak dira gehiengo. ",
200,2020-02-07,G,PNV-G,Berdintasuna,2020-02-07-4,9,2,Neutroa,"Aldiz, diseinu eta arkitekturaren kasuan % 40 ingurukoa da emakumezkoen presentzia.",
201,2020-02-07,G,PNV-G,Berdintasuna,2020-02-07-4,10,0,Neutroa,"Bideo-jokoen sektorean, beste muturrean, lanpostuen hamarretik hirutan bakarrik dute presentzia emakumeek.",
202,2020-02-07,G,PNV-G,Berdintasuna,2020-02-07-4,11,0,Neutroa,Hirugarren ildo estrategikoa: emakumeak ahalduntzea eta ikusaraztea. ,
203,2020-02-07,G,PNV-G,Berdintasuna,2020-02-07-4,11,1,Positiboa,"Ekintzari azpimarragarrienak: alde batetik, ondare materiagabea balioan jartzeko hasi ditugun lanetan garrantzia berezia emango diogu emakumeekin zerikusia duten esparruei; bestetik, Euskadiko museoen azterlanean oinarrituta, adierazle sistema pilotu bat jarriko dugu martxan Euskadiko hamar museorik garrantzitsuenetan, erakusketetan emakumeen presentzia orekatua lortzeko helburuz.",
204,2020-02-07,G,PNV-G,Berdintasuna,2020-02-07-4,12,0,Positiboa,Hiru: 2018an Noka Programa abiarazi genuen emakume zinegileak ahalduntzea eta ikusaraztea helburua duen mentoring programa. ,
205,2020-02-07,G,PNV-G,Berdintasuna,2020-02-07-4,12,1,Neutroa,Bigarren aldia hasiko dugu orain.,
206,2020-02-07,G,PNV-G,Berdintasuna,2020-02-07-4,13,0,Neutroa,"Eta, azkenik, zine arloan baita ere, ",
207,2020-02-07,G,PNV-G,Berdintasuna,2020-02-07-4,13,1,Positiboa,Hemen elkartearekin elkarlan hasi dugu ekintza zehatzak abiatzeko helburuz.,
208,2020-02-07,G,PNV-G,Berdintasuna,2020-02-07-4,14,0,Neutroa,Eskerrik asko.,
209,2020-02-07,G,Elkarrekin Podemos,Lan publikoak,2020-02-07-75,0,0,Neutroa,"Eskerrik asko, presidente andrea. Sailburu, legebiltzarkideok, egun on guztioi.",
210,2020-02-07,G,Elkarrekin Podemos,Lan publikoak,2020-02-07-75,1,0,Negatiboa,"Tapia andrea, ez dakit zenbat aldiz jorratu dugu metroko 5. lerroarena. ",
211,2020-02-07,G,Elkarrekin Podemos,Lan publikoak,2020-02-07-75,1,1,Negatiboa,"Hemen, Legebiltzarrean, eta kanpoan, guk beti eskatu dugu proiektua martxan jartzeko, eskatu dugu instituzioek emandako hitza betetzeko. ",
212,2020-02-07,G,Elkarrekin Podemos,Lan publikoak,2020-02-07-75,1,2,Negatiboa,"Eta azkenaldian izan zen, 2018ko apirilean, guk mozio bat aurkeztu genuen eta ez zen aurrera joan, baina, ez dakit ekimen horregatik edo beste arrazoi batengatik, zuek orain dela urte bat egitasmo bat aurkeztu zenuten. ",
213,2020-02-07,G,Elkarrekin Podemos,Lan publikoak,2020-02-07-75,1,3,Neutroa,Zuek esan nahi dut Rementeria jaunak eta zuk. ,
214,2020-02-07,G,Elkarrekin Podemos,Lan publikoak,2020-02-07-75,1,4,Negatiboa,"Eta azpimarratu nahi dut egitasmo hitzarena, ze beti asmoak adierazten duzue, baina inoiz ez proiektu bat, ezta dirua, ezta epeak ere. Interpelazio honen helburua, beraz, da: egitasmo horren zehaztasunak argitzea, jakiteko non gauden eta zer itxaropenak eduki behar dugun ba gai honetan.",Bi esaldi daude
215,2020-02-07,E,PNV-G,Lan publikoak,2020-02-07-77,0,0,Neutroa,"Egia da askotan, askotan aipatu dugula bosgarren linea edo metroko lineak eta metroko zabalkundea nola egin behar den. ",
216,2020-02-07,E,PNV-G,Lan publikoak,2020-02-07-77,0,1,Neutroa,Eta iruditzen zait oraindik ere jarraituko dugula hizketan. ,
217,2020-02-07,E,PNV-G,Lan publikoak,2020-02-07-77,0,2,Neutroa,"Baina aurreko urtean zerbait garrantzitsua esan baldin bagenuen, bai, lehengo laugarren eta bosgarren lineak bezala ezagunak zirenak izan zen gauza bat, eta gero seguru laugarrenari dagokionean aipatuko dugu baita ere. ",
218,2020-02-07,E,PNV-G,Lan publikoak,2020-02-07-77,0,3,Positiboa,"Eta izan zen erabili behar ditugula ditugun lineak ahalik eta hoberen, horiek hobetu eta zerbitzu hobeak eman. ",
219,2020-02-07,E,PNV-G,Lan publikoak,2020-02-07-77,0,4,Neutroa,"Eta, beraz, gure konpromisoa hori izango da eta hori da.",
220,2014-02-06,G,UPyD,,2014-02-06-3,0,0,Neutroa,Egun on.,
221,2014-02-06,G,UPyD,,2014-02-06-3,0,1,Neutroa,"Eskerrik asko, presidente andrea.",
222,2014-02-06,G,UPyD,,2014-02-06-3,1,0,Neutroa,"Behin baino gehiagotan eztabaidatu dugu auzi honi buruz azken hilabeteotan, eta baliteke gaurkoan ezer berririk ez eranstea UPyDk dagoeneko gai honi buruz esandakoen gainean, baina, nolanahi ere, hilabete hauetan guztietan azaldu izan ditugun argudioak berretsi nahi nituzke.",
223,2014-02-06,G,UPyD,,2014-02-06-3,2,0,Positiboa,"Gure iritziz, UPyDk ordezkaritza duen leku guztietan azaldu duen jarrera bera izango balute Eusko Legebiltzarrean dauden gainerako alderdi politiko guztiek ere, Trebiñuren auzia ebatzita legoke lau egunen buruan.",
224,2014-02-06,G,UPyD,,2014-02-06-3,2,1,Neutroa,Argi eta garbi esan nahi dut hori.,
225,2014-02-06,G,UPyD,,2014-02-06-3,2,2,Positiboa,"Izan ere, hauxe da gakoa, eta hauxe da, laburbilduta, UPyDk azaldu nahi duen mezuaren funtsa: alderdi politiko guztiek UPyDren jarrera bera balute Trebiñuren auzian, Trebiñu Arabakoa litzateke honezkero, horixe baita bidezkoena, horixe arrazoizkoena eta zentzuak guztioi esaten diguna.",
226,2014-02-06,G,UPyD,,2014-02-06-3,3,0,Neutroa,Horixe defendatu izan dugu auzi honetan.,
227,2014-02-06,G,UPyD,,2014-02-06-3,3,1,Neutroa,Horixe defendatu izan dugu azken hilabeteotan.,
228,2014-02-06,G,UPyD,,2014-02-06-3,3,2,Positiboa,"Hala, 2013ko ekainaren 24an, prentsaurrekoa egin genuen Gaztela eta Leongo UPyDren koordinatzaileak eta biok, eta orduan ere argi eta garbi azaldu genuen horixe dela bidezkoena, arrazoizkoena eta zentzuak guztioi esaten diguna; alegia, Trebiñuk Arabakoa izan behar duela efizientzia-arrazoiengatik eta efikazia-arrazoiengatik.",
229,2014-02-06,G,UPyD,,2014-02-06-3,4,0,Neutroa,Horixe da funtsa.,
230,2014-02-06,G,UPyD,,2014-02-06-3,4,1,Neutroa,Herritarren eskubideak dira funtsa; ez lurraldeen eskubideak.,
231,2014-02-06,G,UPyD,,2014-02-06-3,4,2,Neutroa,"Izan ere, lurraldeek ez dute eskubiderik.",
232,2014-02-06,G,UPyD,,2014-02-06-3,4,3,Positiboa,"Hortaz, herritarren eskubideak defendatu behar dira  - horixe da funtsa - , eta, kasu honetan, Trebiñuko herritarren interesak defendatu behar dira, azkenaldian behin eta berriz esan baitute Arabakoak izan nahi dutela zerbitzu hobeak eduki ahal izateko.",
233,2014-02-06,G,UPyD,,2014-02-06-3,4,4,Neutroa,"Efizientzia-arrazoiengatik eta efikazia-arrazoiengatik, beraz.",
234,2014-02-06,G,UPyD,,2014-02-06-3,5,0,Neutroa,"Horixe defendatu dugu Legebiltzarrean, eta horixe defendatu dugu beste inolako alderdi politiko ausartu ez den lekuan, hots, Burgosko Diputazioan.",
235,2014-02-06,G,UPyD,,2014-02-06-3,5,1,Negatiboa,"Duela zenbait hilabete, UPyD bakar-bakarrik aritu zen defendatzen, non eta Burgosko Diputazioan, Trebiñuk Arabara batu behar zuela, eta gaitzespenak entzun behar izan genituen; areago, irainak ere bai, diputazio hartako kideren baten ahotik.",
236,2014-02-06,G,UPyD,,2014-02-06-3,6,0,Positiboa,"Horrenbestez, arrazoizkoa iruditzen zaigu Trebiñu Arabakoa izatea.",
237,2014-02-06,G,UPyD,,2014-02-06-3,6,1,Positiboa,"Zentzuzkoena da, eta logikoena ere bai, eta seguruenik horixe gertatuko da hemendik hilabete batzuetara edo hemendik urte batzuetara.",
238,2014-02-06,G,UPyD,,2014-02-06-3,6,2,Negatiboa,"Gure ustez, baina, proposatu den bidea ez da zuzenena: ezin dugu ahaztu zer dioen zehazki Gaztela eta Leongo Estatutuak.",
239,2014-02-06,G,UPyD,,2014-02-06-3,6,3,Positiboa,"Horregatik, guk Gaztela eta Leonen ordezkaritza duten alderdi politikoei eskatzen diegu autonomia-erkidego horretako Estatutua alda dezatela, guztiok argi ikusten ei dugun hori lortzeko, hots, Trebiñu Arabakoa izateko.",
240,2014-02-06,G,UPyD,,2014-02-06-3,7,0,Positiboa,"Herritarren interesak babesten dituzten jarrerak eta jokabideak defendatzen ditugu guk beti, efikazia areagotzeko, efizientzia handitzeko eta herritarrek zerbitzu hobeak izateko.",
241,2014-02-06,G,UPyD,,2014-02-06-3,7,1,Neutroa,Horregatik defendatzen dugu autonomien estatutua erreformatzea.,
242,2014-02-06,G,UPyD,,2014-02-06-3,7,2,Neutroa,Horregatik defendatzen dugu Lurralde Historikoei buruzko Legea erreformatzea.,
243,2014-02-06,G,UPyD,,2014-02-06-3,7,3,Neutroa,Horregatik defendatzen dugu diputazioak ezabatzea.,
244,2014-02-06,G,UPyD,,2014-02-06-3,7,4,Neutroa,Horregatik defendatzen dugu udalerri txikienak batzea.,
245,2014-02-06,G,UPyD,,2014-02-06-3,7,5,Positiboa,"Helburu bera dute neurri horiek guztiek: herritarrek, nonahi bizi direla ere, zerbitzu onenak jaso ditzatela.",
246,2014-02-06,G,UPyD,,2014-02-06-3,8,0,Positiboa,"Laburbilduz, beraz, Legebiltzar honetan, itxura denez, aho batez defendatzen dugu Trebiñu Araban sartzea  - nork bere arrazoiak izango baditu ere - .",
247,2014-02-06,G,UPyD,,2014-02-06-3,8,1,Negatiboa,"Defendatu ezazue, baina, hori bera Burgosen edota Gaztela eta Leonen.",
248,2014-02-06,G,UPyD,,2014-02-06-3,8,2,Neutroa,Alda ezazue Gaztela eta Leongo Estatutua.,
249,2014-02-06,G,UPyD,,2014-02-06-3,8,3,Negatiboa,Defendatu ezazue hori bera Diputatuen Kongresuan.,
250,2014-02-06,G,UPyD,,2014-02-06-3,8,4,Negatiboa,"Eta berma ezazue indarrean dagoen legedia, aldaketa horiek egiten saiatzeko, baina ez hemen bakarrik, baita Gaztela eta Leonen eta Diputatuen Kongresuan ere.",
251,2014-02-06,G,UPyD,,2014-02-06-3,9,0,Negatiboa,"Hortaz, erabilitako bidea, hautatu duzuen bidea, gure ustez ez da zuzena, eta horrexegatik abstenitu gara.",
252,2014-02-06,G,UPyD,,2014-02-06-3,9,1,Positiboa,"Nolanahi ere, Gaztela eta Leonen eta Espainian bestelako gehiengo politikoa eratzen denean, orduantxe sartu ahal izango da Trebiñu Araban.",
253,2014-02-06,G,UPyD,,2014-02-06-3,10,0,Positiboa,"Eta berriro ere hauxe da gakoa: Legebiltzar honetako alderdi politiko guztiek ordezkaritza duten leku guztietan UPyDren jarrera bera izango balute, Trebiñu Araban legoke lau egunen buruan.",
254,2014-02-06,G,UPyD,,2014-02-06-3,10,1,Negatiboa,"Arazoa, esan bezala, aukeratu duzuen bidea da; ez da bide egokia, urratu egiten baitu Gaztela eta Leongo Estatutua.",
255,2014-02-06,G,UPyD,,2014-02-06-3,10,2,Neutroa,Aldatu ezazue estatutu hori.,
256,2014-02-06,G,UPyD,,2014-02-06-3,10,3,Positiboa,"Guk, han ordezkaritza lortu bezain laster, babesa emango dizuegu horretan.",
257,2014-02-06,G,PP,,2014-02-06-7,0,0,Neutroa,Buenos días.,
258,2014-02-06,G,PP,,2014-02-06-7,0,1,Neutroa,"Egun on, presidente andrea.",
259,2014-02-06,G,PP,,2014-02-06-7,0,2,Neutroa,"Legebiltzarkideok, lehendakari, Jaurlaritzako sailburuok.",
260,2014-02-06,G,PP,,2014-02-06-7,1,0,Negatiboa,"Gu abstenitu egin gara Legebiltzarrak onartu berri duen ekimen honetan; izan ere, onetsi den lege-proposamen hau aintzat hartzeko aldian, guk, gure betiko iritzian bermatuta, argi azaldu genuen gure ustez zergatik ez zen honako bide hau Trebiñuko egoera ebazteko bide egokia; horregatik abstenitu ginen orduko hartan, eta horregatik abstenitu gara gaurkoan ere.",
261,2014-02-06,G,PP,,2014-02-06-7,1,1,Neutroa,"Eta halaxe azaldu genuen, halaber, irizpen hau  - gaur behin betiko ebatzita geratu dena -  onartu zuen Legebiltzarreko batzordean.",
262,2014-02-06,G,PP,,2014-02-06-7,2,0,Neutroa,"Funtsezko hiru arlo jorratu nahi ditut, labur bada ere, argi eta garbi azaltzeko zertan datzan gure taldearen jarrera  - Legebiltzarreko Talde Popularraren jarrera -  Trebiñuri buruzko auzi honetan.",
263,2014-02-06,G,PP,,2014-02-06-7,2,1,Neutroa,"Aurretiaz ere azaldu izan dugu jada, baina berriro ere adieraziko dut botoa azaltzeko txanda honetan.",
264,2014-02-06,G,PP,,2014-02-06-7,3,0,Neutroa,"Batetik, ezinbestekoa da lurralde hori Arabara batzeko zer jarrera politiko eta zer-nolako onarpen-maila dagoen zehaztea.",
265,2014-02-06,G,PP,,2014-02-06-7,3,1,Neutroa,"Era berean, berariaz zehaztu behar dugu zer urrats juridiko eta instituzional egin beharko liratekeen lurralde hori Arabara batzeko prozesuan.",
266,2014-02-06,G,PP,,2014-02-06-7,3,2,Neutroa,"Eta, hirugarrenik, komenigarria da, halaber, proposatzaileek sustatutako ekimena aztertzea eta gu zergatik abstenitu garen azaltzea.",
267,2014-02-06,G,PP,,2014-02-06-7,4,0,Positiboa,"Trebiñu Araba da funtsean; halaxe jotzen dugu, eta horrexegatik diogu guk administrazio-mailan ere lehenbailehen izan behar duela Araba; ziur gaude, gainera, Trebiñu Araba izango dela orain edo gero.",
268,2014-02-06,G,PP,,2014-02-06-7,4,1,Neutroa,Hori denok dakigu.,
269,2014-02-06,G,PP,,2014-02-06-7,4,2,Negatiboa,"Anakronismo historiko bat da; inkoherentzia hutsa, Administrazioa hobetzeko eta zentzuz antolatzeko premiari begira; hala, Administrazioaren eta herritarren arteko harremanetan sortzen diren lehentasunen barruan, ez du inolako oinarririk, aurreiritzi politikoez eta jarrera itxiez harago.",
270,2014-02-06,G,PP,,2014-02-06-7,5,0,Negatiboa,"Ez gatoz bat, inondik ere, Gaztelako zenbait politikarik Trebiñu Arabara batzeko auzian duten jarrerarekin; guk, nolanahi ere, zentzuak esaten diguna aldarrikatzen jarraituko dugu eta ez beste batzuek gure ahotik entzun nahi dutena.",
271,2014-02-06,G,PP,,2014-02-06-7,6,0,Neutroa,Enklabearen auzia ez da abertzaletasun-gatazken edo jabetza-seten ondorio.,
272,2014-02-06,G,PP,,2014-02-06-7,6,1,Neutroa,"Errealitate objektiboa da, eta herritartasunaren oinarrizko alderdiekin du zerikusia, hala nola gertutasunarekin, kultura- eta familia-loturekin eta administrazio-beharrizanekin.",
273,2014-02-06,G,PP,,2014-02-06-7,6,2,Neutroa,"Arabarron % 90ek nolabaiteko loturaren bat dugu Trebiñurekin edo Trebiñuko konderriko herritarrekin, ahaidetasuna dela, auzo-harremanak direla, jatorria dela edo adiskidetasun-loturak direla.",
274,2014-02-06,G,PP,,2014-02-06-7,6,3,Negatiboa,"Gainera, nekatuta gaude aurkako jarrera itxi horrekin, normaltasunaren eta zentzuaren etsaiei doako argudioak emateko baino ez baitu balio.",
275,2014-02-06,G,PP,,2014-02-06-7,6,4,Negatiboa,"Erradikalei, muturreko abertzaleei, ez zaie interesatzen Trebiñu Araba izatea, nahiago dute irainen amaigabeko ikurrinak astintzen jarraitu.",
276,2014-02-06,G,PP,,2014-02-06-7,7,0,Neutroa,"Gure arrazoibideen bigarren oinarriari dagokionez, akordio handi bat beharko litzateke.",
277,2014-02-06,G,PP,,2014-02-06-7,7,1,Negatiboa,"Horixe aldarrikatu izan dugu, eta argi eta garbi azaldu izan dugu hori Arabako enklabeen egoera aztertzeko lantaldearen lanetan; izan ere, enklabe horietako batzuek ez dute inolako zentzurik ez arrazionaltasun administratiboaren ikuspegitik, ez XXI.",
278,2014-02-06,G,PP,,2014-02-06-7,7,2,Neutroa,mendeko lurraldetasun-objetibotasunaren ikuspegitik.,
279,2014-02-06,G,PP,,2014-02-06-7,7,3,Positiboa,"Irabazlerik eta galtzailerik utziko ez duen akordio handi bat behar dugu, zenbait agintarik ez dezaten sentitu amore ematen ari direnik lurralde hori lagata, ez liratekeelako gai izango erabaki hori azaltzeko.",
280,2014-02-06,G,PP,,2014-02-06-7,8,0,Neutroa,"Horregatik, gure ustez, akordio orokor hori Gorteetan egin behar da, eta, kasu honetan, Senatuak bultzatu behar luke  - hala esan genuen lehen, eta halaxe diogu orain ere - .",
281,2014-02-06,G,PP,,2014-02-06-7,8,1,Positiboa,"Gainera, kontuan hartuta lurralde-ordezkaritzako Ganbera horrek batzuetan ez duela funts handirik izaten, ekimen horren bidez, balioberritzeko aukera bikaina izango luke, herritarren onerako erabakiak hartuta eta auzi historikoak ebazteko bidea emanda, hartara administrazio orekatuagoa eta eraginkorragoa lortzeko.",
282,2014-02-06,G,PP,,2014-02-06-7,9,0,Positiboa,"Senatuko lantaldeak 95ean behar bezala itxi gabeko lanei berrekitea eta erregularizazio-bidea irekitzea, nire ustez, aukera ona izango litzateke.",
283,2014-02-06,G,PP,,2014-02-06-7,9,1,Positiboa,"Era berean, Gorte Nagusietako lan-esparruaren barruan, zentzuzkoa irudituko litzaiguke aurrera jarraitzea administrazioa hobetzeko eta arrazionalizatzeko onartu berri den legea garatzeko lanetan.",
284,2014-02-06,G,PP,,2014-02-06-7,9,2,Positiboa,"Baina, batik bat, blokeo hori hausteko lan egin behar da, auzi honetan ez dadin egon ez galtzailerik, ez irabazlerik.",
285,2014-02-06,G,PP,,2014-02-06-7,10,0,Negatiboa,"Azkenik, gogoeta bat egin behar genuke proposamen hau Legebiltzarrera ekarri dutenek ezarri duten bidea dela-eta, ondo jabetu behar baitugu zer onartu den haren bidez.",
286,2014-02-06,G,PP,,2014-02-06-7,10,1,Negatiboa,"Ekimen honek, gure iritziz, aurrekari txar bat irekiko luke.",
287,2014-02-06,G,PP,,2014-02-06-7,10,2,Negatiboa,"Izan ere, autonomia-erkidego batek (Euskadik) beste autonomia-erkidego bateko (Gaztela eta Leongo) estatutua aldatzeko ekimen bat sustatzea eta garatzea onartzen bada, hortik aurrera edozein aldetatik sustatu ahal izango dira estatutuen erreformak, eta ez genuke horrelakorik nahi.",
288,2014-02-06,G,PP,,2014-02-06-7,11,0,Negatiboa,"Kontu egin Euskadiko herritarrontzat ez litzatekeela inolaz ere atsegina izango errioxarrek edo kantabriarrek, esate baterako, Gorteetara jotzea gure foru-sistema edo gure kontzertua bertan behera utz dadin eskatzeko.",
289,2014-02-06,G,PP,,2014-02-06-7,11,1,Negatiboa,"Bidegabea izango litzateke, eta politikoki ez luke zentzu-izpirik izango, eta, batez ere, ez litzateke batere neurrizkoa izango erakunde-eskumenen ikuspegitik.",
290,2014-02-06,G,PP,,2014-02-06-7,11,2,Neutroa,Horregatik abstenitu gara.,
291,2014-02-06,G,PP,,2014-02-06-7,12,0,Negatiboa,"Horregatik, gure ustez, okerra da hautatutako bidea  - zer ibilbide egiten duen ere - , eta gure kontra jo dezake.",
292,2014-02-06,G,PP,,2014-02-06-7,12,1,Negatiboa,"Gure lehendakariak aldebikotasuna aipatu ohi du beti Euskadiren eta Estatuaren arteko harremanetan; ekimen hau, ordea, ez dator bat aldebikotasun horrekin, ez dielako besteei aitortzen jokaera-aukera hori bera.",
293,2014-02-06,G,PP,,2014-02-06-7,12,2,Negatiboa,"Eusko Jaurlaritzak Gorte Nagusiei Gaztela eta Leongo legeak aldatzea eskatzen badio, orduan hirualdekotasuna izango dugu jada.",
294,2014-02-06,G,PP,,2014-02-06-9,0,0,Neutroa,Berehala amaituko dut.,
295,2014-02-06,G,PP,,2014-02-06-9,1,0,Negatiboa,"Alegia, ez lieke besteei errespetatuko bere herrirako zuzentasun osoz eskatzen duen hori.",
296,2014-02-06,G,PP,,2014-02-06-9,2,0,Negatiboa,"Batzuei, baina, bost axola zaie hori, euskal neozentralismoa baitute helburu.",
297,2014-02-06,G,PP,,2014-02-06-9,2,1,Negatiboa,"Guk, berriz, foraltasuna defendatzen dugun heinean, ezin diogu men egin lege-bide horri.",
298,2014-02-06,G,PP,,2014-02-06-9,3,0,Neutroa,Eskerrik asko.,
299,2014-02-06,G,PSE-EE,,2014-02-06-11,0,0,Neutroa,"Presidente andrea, legebiltzarkideok.",
300,2014-02-06,G,PSE-EE,,2014-02-06-11,1,0,Neutroa,"Trebiñuko Konderriko alkateek, beren udalerrietako ordezkari modura, Legebiltzarreko Talde Sozialistari eskatu ziguten lege-proposamen bat izapidetu genezan Gorte Nagusietan, aspaldi-aspalditik lortu nahian dabiltzan horri konponbidea emateko eta Trebiñu Arabara batu ahal izateko.",
301,2014-02-06,G,PSE-EE,,2014-02-06-11,2,0,Positiboa,"Indar politiko guztiak eta erakunde guztiak bat gatoz Trebiñu Arabara batzeko ekimenarekin, eta, beraz, adostasun izugarri handia du proposamen honek, nahiz eta Legebiltzar honetan, gero, talde politiko batzuk arte martzialak egiten aritu ez argitzeko zein aldetan diren benetan.",
302,2014-02-06,G,PSE-EE,,2014-02-06-11,2,1,Positiboa,"Nolanahi ere, Araban, urte askoan, aho batez adierazi izan da behin eta berriz horrek horrela behar zuela, eta Legebiltzar honetan ere aspaldian, gai hau landu izan denean, oso-oso handia izan da bategite horren aldeko jarrera eta adostasuna.",
303,2014-02-06,G,PSE-EE,,2014-02-06-11,3,0,Positiboa,"Une honetan, gainera, borondate positibo ikaragarria du proposamen honek; gure legediaren esparruan txertatu da, bide hori irekitzeko baliabideak eta irudi juridikoak erabilita, suminik gabe eta proposatzaileen eskutik argudio sendoak azalduta eta arrazoian eta zentzuan sendo oinarrituta  - eta horrek pozgarria izan behar luke betiere guztiontzat - ; hala, auzia konpontzeko ekimena erakundeen bitartez bideratzea proposatzen da, jardun politikoaren mugen barruan arituta betiere.",
304,2014-02-06,G,PSE-EE,,2014-02-06-11,3,1,Positiboa,"Areago, nire ustez, zoriondu egin behar genituzke ekimen honen alde egin dutenak, legea interpretatu baino ez baitute egin hainbat hamarkadaz trabatuta egon den auzi baterako irtenbide politikoa proposatzeko.",
305,2014-02-06,G,PSE-EE,,2014-02-06-11,4,0,Neutroa,"Zilegi da, noski, Arabak nahi izatea...",
306,2014-02-06,G,PSE-EE,,2014-02-06-11,4,1,Neutroa,"edo, hobeto esanda, zilegi da Trebiñuko konderriak Araban egon nahi izatea; zilegi da Arabak Trebiñuko konderria Araban egon dadin nahi izatea, eta zilegi da, halaber, Euskadik Trebiñuko konderria Araban egon dadin nahi izatea, baina hori guztia bezain zilegi da, nire ustez, Burgosek edo Gaztela eta Leonek Trebiñuko konderria Burgosen edo Gaztela eta Leonen egon dadin nahi izatea.",
,2014-02-06,G,PSE-EE,,2014-02-06-11,4,2,Negatiboa,"Eta hori guztia zilegi delako eta politika demokratikoaren barruan dagoelako, hain zuzen, geratu izan da auzi hau trabatuta horrenbeste eta horrenbestetan.",
,2014-02-06,G,PSE-EE,,2014-02-06-11,5,0,Positiboa,"Traba-egoera hori bide guztiz demokratikoetatik konpondu nahi da, erakundeetan oinarrituta zeharo eta berme juridikoen erabateko babesean.",
,2014-02-06,G,PSE-EE,,2014-02-06-11,5,1,Positiboa,"Hala, nolabait esateko, auzi honetan bitartekari izan daitekeen erakunde bati  - hots, Gorte Nagusiei -  eskatzen zaio legea bera baliatuta behin betiko konponbidea eman diezaion auzi honi, erakunde horrek lege-proposamena hezurmamitzeko ahalmena baitu, haren gehiengoak hala onetsiz gero, eta hor baino ezin baita auzi hau behin betiko konpondu.",
,2014-02-06,G,PSE-EE,,2014-02-06-11,5,2,Neutroa,"Izan ere, gainerako bide guztiak, mundu guztiak ondo dakienez, trabatuta geratu izan dira beti.",
,2014-02-06,G,PSE-EE,,2014-02-06-11,6,0,Negatiboa,"Hortaz, auzi honetan aurretiaz ere proposatu izan diren ebazpen-irudiak proposatzea, jakinda trabatuta geratu direla eta ez direla inora iritsi, edo proposamenak lege txar batean funtsatzea  - hemen aipatutako horretan, esaterako -  Trebiñuko enklabearen arazoa hor ebatzi behar delakoan, akuilua ostikoz jotzea da; burua hegalpean ezkutatzea baino ez; alegia, batetik, hots handiz esatea Trebiñu Araba dela, eta ahopeka, gero, horretarako trabak jartzea.",
,2014-02-06,G,PSE-EE,,2014-02-06-11,7,0,Positiboa,"Eta, tira, espero dut Gorte Nagusietan aintzakotzat hartuko dutela Legebiltzarrean onetsi eta Gorte Nagusietan defendatuko dugun ekimen hau, Legebiltzarrak hartutako erabaki hau Gorte Nagusietara bideratu dadin eta legea era dadin han.",
,2014-02-06,G,PSE-EE,,2014-02-06-11,8,0,Positiboa,"Helburu demokratikoak eta guztiz legezkoak planteatzen direnean, helburu horiek kontu eta arreta handiz aztertzea da politikarako jardunbiderik onena eta demokraziarako jardunbiderik onena.",
,2014-02-06,G,PSE-EE,,2014-02-06-11,8,1,Negatiboa,"Txarra izango litzateke ateak danbatekoz ixtea, proiektua merezi duen garrantziarekin eta errespetuarekin jorratu aurretik.",
,2014-02-06,G,PSE-EE,,2014-02-06-11,8,2,Negatiboa,"Berariaz aipatu nahi izan dut hori, itxura batean baten batek jada halako asmoren bat aditzera eman baitu nolabait.",
,2014-02-06,G,PSE-EE,,2014-02-06-11,9,0,Positiboa,"Nire ustez, Gorte Nagusiek oso kontuan hartu behar dute Legebiltzar hau bai, halaber, Legebiltzar honek Trebiñuko egoera konpontzeko dakarren proposamena ere; sozialistok, hortaz, pozarren gaude demokraziaren egintza horrekin, eta azken-azkeneko ondorioetaraino eramango dugu.",
,2014-02-06,G,PSE-EE,,2014-02-06-11,10,0,Neutroa,Eskerrik asko.,
,2013-12-19,E,PP,,2013-12-19-145,0,0,Neutroa,"Bai, zure baimenarekin, eserlekutik jardungo dut, oso-oso labur.",
,2013-12-19,E,PP,,2013-12-19-145,1,0,Negatiboa,Bilduk adierazitako aurkako jarreraren kontra bozkatu dugu guk.,
,2013-12-19,E,PP,,2013-12-19-145,2,0,Positiboa,"Zorrilla jaunak ondo azaldu duenez, zain geunden aspalditik hitzarmen hau noiz sinatuko, hari esker Bilboko metroko 3.",Esaldia moztu egiten du 3. horrek
,2013-12-19,E,PP,,2013-12-19-145,2,1,Positiboa,linearen obrak Jaurlaritzak aurreikusitakoa baino lehen amaitzeko aukera izango baita.,
,2013-12-19,E,PP,,2013-12-19-145,3,0,Negatiboa,"Alabaina, Bilduk eskatzen duen klausula hori gehituko balitz, hautsi egingo litzateke segurtasun juridikoa, Gipuzkoako arau horri, esan den moduan, errekurtsoa jarri baitiote bai Lehiaren Euskal Agintaritzak, bai Estatuko Abokatutzak.",
,2013-12-19,E,PP,,2013-12-19-145,4,0,Negatiboa,"Gainera, haiek diotenez, lurralde-hitzarmena zaindu nahi omen da aurkakotasun horren bidez; gure ustez, baina, hori guztiz zainduta dago jada, horretarako beste bitarteko batzuk ere badaude-eta, eta hitzarmen hau onartzea da aukerarik onena, metroaren 3.",Esaldia moztuta dago
,2013-12-19,E,PP,,2013-12-19-145,4,1,Negatiboa,lerroa lehenbailehen abian jartzeko bidea emango baitu.,
,2013-12-19,E,PP,,2013-12-19-145,5,0,Neutroa,Besterik ez.,
,2013-12-19,E,PP,,2013-12-19-145,5,1,Neutroa,Eskerrik asko.,
,2013-12-19,G,PSE-EE,,2013-12-19-147,0,0,Neutroa,"Eskerrik asko, presidente andrea, eta labur-labur.",
,2013-12-19,G,PSE-EE,,2013-12-19-147,1,0,Positiboa,"Gure esku dagoen horretan, Euskadiko sozialistok ez ditugu atzeratu nahi azpiegitura garrantzitsu hau eraikitzeko lanak, haren bidez Bilboko metropolialdeko herritar gehiagorengana iritsiko baita metroa eta, hartara, mugikortasuna jasangarriagoa izango baita inguru horretan.",
,2013-12-19,G,PSE-EE,,2013-12-19-147,1,1,Negatiboa,"Ea, bada, hitzarmen hau gogo ernagarri zaion Jaurlaritza honi, ez ditzan atzeratu lozorroan geratu diren beste tren-azpiegitura garrantzitsu batzuk ere.",
,2013-12-19,G,PSE-EE,,2013-12-19-147,2,0,Positiboa,"Euskal sozialistok, abstentzioaren bidez, hitzarmen honi izapidetzen jarraitzeko bidea eman nahi izan diogu, argi erakutsita berriro ere zer den politika egitea eta zer den oposizio-lana arduraz eta herritarrei begira betetzea.",
,2013-12-19,G,PSE-EE,,2013-12-19-147,3,0,Negatiboa,Guk ez dugu izango EAJk joan den legegintzaldian izan zuen jokabidea tranbia Gasteiztik Abetxukora zabaltzeko egitasmoan.,
,2013-12-19,G,PSE-EE,,2013-12-19-147,3,1,Negatiboa,"Izan ere, zuetako askok gogoan izango duzuenez, Arabako Foru Aldundiaren Garraio arduradunek Eusko Jaurlaritzarekin hitzarmena sinatu ostean, Eusko Legebiltzarrean EAJk ez zion aldeko botoa eman izapide horri, nahiz eta izapide hori Biltzar Nagusien eta Eusko Legebiltzarraren arteko kortesiazko izapidea izan ia.",
,2013-12-19,G,PSE-EE,,2013-12-19-147,3,2,Negatiboa,Orduan ere López lehendakariaren lana oztopatzeko hartu zuen jarrera hori.,
,2013-12-19,G,PSE-EE,,2013-12-19-147,4,0,Positiboa,"Zorrilla jauna, UPyDren eta Alderdi Popularraren jarrera koherentea eskertu duzula-eta  - bide batez esanda, UPyDk kale egin dizu, abstenitu egin baita - , bada, nik ere eskerrak eman nahi dizkiot Euzko Alderdi Jeltzaleari, López jaunarekin izandako jarrera adeitsu horrengatik.",
,2013-12-19,G,PSE-EE,,2013-12-19-147,5,0,Positiboa,"Guk, baina, ez dugu EAJk orduan izandako jarrera arduragabe hori izango, eta, horregatik izapide hau gainditzeko bidea eman diogu hitzarmenari; eta abstenitu egin gara horretarako; izan ere, Talde Sozialista, berez, bat dator EH Bildurekin obra publikoetan dagokion lurraldean indarrean den lan-hitzarmena bete behar izateko egindako alegazio horretan.",
,2013-12-19,G,PSE-EE,,2013-12-19-147,6,0,Neutroa,"Legebiltzar honetan joan den urriaren 17an egindako osoko bilkuran, EH Bilduk EAEko lan publiko guztietan lurraldeko lan-hitzarmena betearazteko egindako interpelazioaren ondorioz aurkeztutako mozioa izan genuen eztabaidagai, eta, orduko hartan, Bixen Itxaso taldekideak aurkeztutako osoko zuzenketa onartzea erabaki zuen Legebiltzar honetako gehiengoak, Legebiltzarrak, Sektore Publikoko Kontratuen Legearen testu bateginaren 114.3.",Esaldia moztuta dago
,2013-12-19,G,PSE-EE,,2013-12-19-147,6,1,Neutroa,"artikuluarekin bat, Eusko Jaurlaritzari eska ziezaion bi hilabeteko epean administrazio-klausula orokorren agiria onar zezan eta agiri horren klausula batean Euskadiko sektore publikoak lehiaketara ateratako edozein obra edo zerbitzuren esleipendunei edo azpikontratistei berariaz agindu zekien dena delako obra edo zerbitzu horri dagokion lurraldeko sektore-hitzarmena bete dezatela, kontratua bertan behera uzteko zehapena ezarrita klausula hori betetzen ez den kasuetarako.",
,2013-12-19,G,PSE-EE,,2013-12-19-147,7,0,Negatiboa,"Bi hilabete igaro dira ordutik hona  - bide batez, igaro da jada Legebiltzar honek Jaurlaritzari emandako epea; espero dugu, beraz, Jaurlaritzak jada prest izatea administrazio-klausula orokorren agiria - , eta, gaur egun, orduko jarrera bera izaten jarraitzen dugu guk, uztailaren 18an Diputazio Iraunkorrean izandako jarrera bera, orduan ontzat jo baitzen...",
,2020-02-06,G,EP,,2020-02-06-84,0,0,Neutroa,Eguerdi on.,
,2020-02-06,G,EP,,2020-02-06-84,1,0,Neutroa,Egungo eskola-mapa aztertu eta hobetu eta errealitate berrira egokitzeari buruzko lege bestekoa daukagu eztabaidagai puntu honetan.,
,2020-02-06,G,EP,,2020-02-06-84,1,1,Negatiboa,"Lehenik eta behin, badakigu aspaldi erroldatuta geneukan ekimen bat dela, eta gauza guzti horiek, baina zoritxarrez gauzak ez dira asko aldatu, behintzat gure iritziz.",
,2020-02-06,G,EP,,2020-02-06-84,1,2,Neutroa,Eta horregatik ekartzen dugu eztabaida hau pleno honetara.,
,2020-02-06,G,EP,,2020-02-06-84,3,0,Neutroa,"Funtzioen artean, mapa da, eskola-maparen funtzioen artean, ikastetxeak analizatzea eta geografikoki antolatzea.",
,2020-02-06,G,EP,,2020-02-06-84,3,1,Neutroa,Hezkuntza zerbitzu guztiak eskainiko dituztela bermatzeko hain zuzen ere.,
,2020-02-06,G,EP,,2020-02-06-84,6,0,Negatiboa,"Eta hortik aurrera ikusi dugun gauza bakarra inprobisazioa izan da: Bidebieta Donostian, Barakaldoko eskola-mapan, Oion, Debagoienan, Bilbon, Donostian, adibidez, English School ikastetxe berri horrekin eta Ordizia adibidez.",
,2020-02-06,G,EP,,2020-02-06-84,10,0,Neutroa,"Adibidez, atzo eduki genuen STEILAS sindikatuaren agerraldi bat, Hezkuntza Batzordean, 0-3 etapan ematen diren iruzurrak, haien hitzetan, eta horiek ekiditeko zeukaten proposamenak ezagutzeko.",
,2020-02-06,G,EP,,2020-02-06-84,10,1,Neutroa,"Etapa horretan, Gobernuak laguntzak ematen dizkie, nahiz eta itunduta ez egon haur eskola pribatuei.",
,2020-02-06,G,EP,,2020-02-06-84,10,2,Neutroa,"Eta, zonalde berdinean eta ezberdinetan, diru publikoarekin finantzatzen ditugun haurreskola publikoak ia hutsik edo hutsik daude, Debagoiena den kasua igual ageriena da zentzu horretan.",
,2020-02-06,G,EP,,2020-02-06-84,10,3,Neutroa,"Eta, zergatik gertatzen da gauza hau?",
,2020-02-06,G,EP,,2020-02-06-84,10,4,Neutroa,Gobernuak itunpetutako zentroei atxikitutako haur eskoletan haien umeak matrikulatzen dituzten familiei bermatzen dielako itinerario guztia ikastetxe berdinean egitea.,
,2020-02-06,G,EP,,2020-02-06-84,10,5,Negatiboa,"Eta hau, atzo esan zen bezala, iruzur handi bat da, alde batetik eta bestetik, sistema publikoren diskriminazio nagusi bat.",
,2020-02-06,G,EP,,2020-02-06-84,11,1,Neutroa,Euskadi da irakaskuntza pribatuari dirulaguntza gehien ematen dion Europako lurraldeetako bat.,
,2020-02-06,G,EP,,2020-02-06-84,11,2,Neutroa,"Eta gustatuko litzaiguke kontrakoa esatea, baina hemen egiten diren eta kanpoan egiten diren ikerketa ezberdinetan aurkitu ditzakegun datuak horrela diote.",
,2020-02-06,G,EP,,2020-02-06-84,11,3,Neutroa,Eta baita ere aurrekontuetan eta Gobernuaren datuetan.,
,2020-02-06,G,EP,,2020-02-06-84,14,0,Positiboa,Eta eskola publiko oso onak ditugu Euskadin.,
,2020-02-06,G,EP,,2020-02-06-84,14,1,Positiboa,Hezkuntza sistema publiko oso ona daukagu Euskadin.,
,2020-02-06,G,EP,,2020-02-06-84,14,2,Neutroa,"Baina, Urrutia jaunari gustatuko zaion termino bat erabiliko dut, momentu honetan: baldintza berdinetan lehiatzen dute eskola pribatuek eta eskola publikoek?",
,2020-02-06,G,EP,,2020-02-06-84,14,3,Neutroa,Ez.,
,2020-02-06,G,EP,,2020-02-06-84,14,4,Negatiboa,"Eta nik uste dut hau dela zuen sistemaren porrot morala, hezkuntzaren lehiakortasun hau.",
,2020-02-06,G,EP,,2020-02-06-84,14,5,Negatiboa,"Hezkuntzaren merkantilizazioa, hori da, nire ustez, gaurko hezkuntza sistemaren porrot morala nagusiena.",
,2020-02-06,G,EP,,2020-02-06-84,14,6,Negatiboa,"Egun hauetan, gure kaleetan, ikusten duguna, ikastetxeen arteko borrokak, supermerkatuak izango balira bezala.",
,2020-02-06,G,EP,,2020-02-06-84,14,7,Neutroa,Hori ikusten dugu gure kaleetan.,
,2020-02-06,G,EP,,2020-02-06-84,26,0,Neutroa,Eskerrik asko.,
,2020-02-06,E,EH Bildu,,2020-02-06-86,0,0,Neutroa,Egun on.,
,2020-02-06,E,EH Bildu,,2020-02-06-86,1,0,Negatiboa,"Lehenik eta behin, eskertu nahi diot Elkarrekin-Ahal Duguri eskola maparen eztabaida gaur osoko bilkurara elkartzea, behintzat bada zerbait, gure legez besteko proposamena Mahaian atzera bota ostean eta eztabaidarako bidea itxi ostean.",
,2020-02-06,E,EH Bildu,,2020-02-06-86,1,1,Positiboa,"Beraz, nahiz eta jatorrizko proposamena gurea ez izan, lortu dugu eztabaida osoko bilkurara ekartzea.",
,2020-02-06,E,EH Bildu,,2020-02-06-86,2,0,Negatiboa,"Guretzat eztabaida urgentea da, premiazkoa da.",
,2020-02-06,E,EH Bildu,,2020-02-06-86,2,1,Neutroa,Bat nator Martínez jaunak esandakoekin: hor dago gakoetariko bat.,
,2020-02-06,E,EH Bildu,,2020-02-06-86,2,2,Negatiboa,"Zeren, badirudi, balizko lege berriak hezkuntzan dagoen arazoa konponduko duela, edo eta balizko lege berriaren izenean arazoei ihes egin nahi da.",
,2020-02-06,E,EH Bildu,,2020-02-06-86,2,3,Negatiboa,"Zeren momentu honetan, balizko lege horren izenean indarrean dagoen eredu pribatizatzailea egonkortzen ari da, behar gehien dituzten ikasle eta familiak bazterrean uzten ari dira, ekitatea atzera garamatzan ereduan sakontzen du, eta emaitzetan ere 2009ko mailetan mantentzen gara bataz beste, azkeneko ebaluazio diagnostikoa ikustea besterik ez dago.",
,2020-02-06,E,EH Bildu,,2020-02-06-86,3,0,Neutroa,"Ez dakigu erabaki guzti horiek kontzienteak diren edo inertziak eramaten duen Gobernua norabide horretatik, ez?",
,2020-02-06,E,EH Bildu,,2020-02-06-86,3,1,Negatiboa,"Baina gainerako eremuetan, Gobernu honek indarrean dituen politikak ikusita, gizarte arrakala areagotzen duten politika horiek ikusita, ongizate maila sozial ekonomiko batzuetara begira bideratzen dela ikusita, ba badu zentzua hezkuntza, ikasketak, maila sozial ekonomiko zehatz batzuei bideratua egotea; eta, gainerakoak, eskulan merkea izatera kondenatzera, ez?",
,2020-02-06,E,EH Bildu,,2020-02-06-86,3,2,Positiboa,"Horretarako, hezkuntza sistema indartzea.",
,2020-02-06,E,EH Bildu,,2020-02-06-86,3,3,Neutroa,Eta horrek zer esan nahi du?,
,2020-02-06,E,EH Bildu,,2020-02-06-86,3,4,Negatiboa,Horrek esan nahi du eta ekartzen du aukera berdintasunaren bermea den eskola publikoa ahultzea.,
,2020-02-06,E,EH Bildu,,2020-02-06-86,3,5,Negatiboa,"Horrek ekartzen du hezkuntzak bete behar duen funtzio berdintzailea ez betetzea, eta horrek ekartzen du gizarte arrakalan, segregazioan, sakontzea.",
,2020-02-06,E,EH Bildu,,2020-02-06-86,4,0,Negatiboa,"Horregatik, atzo esan nuen bezala, hezkuntza merkatu parametroetan murgildu da, eta parametro horien markoa eskola mapak eusten du.",
,2020-02-06,E,EH Bildu,,2020-02-06-86,4,1,Negatiboa,"Matrikulazio sistemak, matrikulazio arauak ez betetzea eta ez betearaztea ahalbidetzen du, pertsonak objektu hutsa bilakatzen dira, enpresen arteko lehian, eskaintza eskariaren norabidean kokatzen da hezkuntza, sareak enpresa bilakatuta...",
,2020-02-06,E,EH Bildu,,2020-02-06-86,6,1,Negatiboa,"bilakatzen dira, enpresen arteko lehian, eskaintza eskariaren norabidean kokatzen da hezkuntza, sarea enpresa bilakatuta, lehia hutsean eta ahaztuaz helburua herritarrak, gazteak, familiak, umeak direla eta ez enpresak.",
,2020-02-06,E,EH Bildu,,2020-02-06-86,6,2,Positiboa,"Helburua gizarte prestatua bat dela, kohesionatu bat, eta hezkuntza horretarako tresna bat besterik ez dela.",
,2020-02-06,E,EH Bildu,,2020-02-06-86,7,0,Negatiboa,"Beraz, emaitza kaskarretan sakontzen besterik ez duen hezkuntza sistema da hau, gizarte bazterketan, mailaketan sakontzen duen sistema.",
,2020-02-06,E,EH Bildu,,2020-02-06-86,7,1,Negatiboa,"Abiadura desberdinetakoa eta, beraz, antolaketa eredu hau birplanteatzeko garaia da, adierazle guztiak adierazten digute, esaten digute birplanteatu behar dugula.",
,2020-02-06,E,EH Bildu,,2020-02-06-86,7,2,Negatiboa,Berandu goaz.,
,2020-02-06,E,EH Bildu,,2020-02-06-86,7,3,Negatiboa,Azkenean denok galtzaile ateratzen gara.,
,2020-02-06,E,EH Bildu,,2020-02-06-86,8,0,Negatiboa,"Begira, Jaurlaritzak egin duen azken diagnostikoan, aste honetan iritsi zaigu laster agerraldi bat egon behar delako, jasotzen da Autonomia Erkidegoekiko Euskal Autonomia Erkidegoak emaitza okerragoak ditu Gaztela eta Leonek, Kataluniak, Madrilgo erkidegoak eta Nafarroak baino.",
,2020-02-06,E,EH Bildu,,2020-02-06-86,8,1,Negatiboa,"Nazioarteko hezkuntza sistemei dagokionez, Euskal Autonomia Erkidegoak emaitza kaskarragoak erakusten ditu, munduko hezkuntza sistema aurreratuenak baino.",
,2020-02-06,E,EH Bildu,,2020-02-06-86,8,2,Negatiboa,Esaten du ere euskararekin bat egiteko erritmoa moteltzen ari dela.,
,2020-02-06,E,EH Bildu,,2020-02-06-86,8,3,Negatiboa,"Esaten du ere errendimendu altuko, alegia, bikaintasunean, bikaintasun sakrosantua, bikaintasunean gero eta ikasle gutxiago kokatzen direla eta errendimendu baxuan gero eta ikasle gehiago dituela.",
,2020-02-06,E,EH Bildu,,2020-02-06-86,9,0,Neutroa,ISEI/IVEIk eginiko azken ebaluazio diagnostikoan ikusten da 2009ko mailetan gaudela.,
,2020-02-06,E,EH Bildu,,2020-02-06-86,9,1,Negatiboa,"Save the Childrenek, Espainiako segregazio maila altuenetakoa dugu, profil sozioekonomiko baxuko ikasleen kontzentrazio altuena EAEn ematen da.",
,2020-02-06,E,EH Bildu,,2020-02-06-86,9,2,Negatiboa,"2012tik 2019ra EAEn segregazioa areagotu egin da % 9,7an.",
,2020-02-06,E,EH Bildu,,2020-02-06-86,9,3,Negatiboa,Eta ordura arteko bazegoen bilakaera puskatuz.,
,2020-02-06,E,EH Bildu,,2020-02-06-86,9,4,Neutroa,Eta euskara...,
,2020-02-06,E,EH Bildu,,2020-02-06-86,9,5,Neutroa,"euskararen inguruan gastatzen ari dena, zer esango dugu?",
,2020-02-06,E,EH Bildu,,2020-02-06-86,10,0,Negatiboa,"Berdin da, zer sareetako ikastetxea da, guztietan emaitzak txarrak dira.",
,2020-02-06,E,EH Bildu,,2020-02-06-86,10,1,Neutroa,"Eta ados nago zuekin, ez dela bakarrik ikastetxearen arazoa, baina ikastetxean ere zerbait egin beharko da, ez?",
,2020-02-06,E,EH Bildu,,2020-02-06-86,10,2,Neutroa,"Ze garaiak aldatu dira, eta trataera aldatu beharko da.",
,2020-02-06,E,EH Bildu,,2020-02-06-86,11,0,Negatiboa,"Beraz, berdin da ze enpresetako ikastetxe, berdin da ze enpresa, emaitzak ez dira onak.",
,2020-02-06,E,EH Bildu,,2020-02-06-86,11,1,Neutroa,Bakoitza ahal duena egiten ari da.,
,2020-02-06,E,EH Bildu,,2020-02-06-86,11,2,Neutroa,"Sare batzuetakoak kontrol gehiagorekin, beste batzuk autonomia gehiagorekin.",
,2020-02-06,E,EH Bildu,,2020-02-06-86,11,3,Negatiboa,"Baina guztiak diru publikoarekin finantzatuta, nahiz eta eskubide eta betebehar desberdinak izan.",
,2020-02-06,E,EH Bildu,,2020-02-06-86,12,0,Neutroa,"Eta emaitza akademikoak eta ekitatearenak alde batera utzita ere, demografiaren bilakaera ikusten baldin badugu, aztertzen badugu, Eustateko datuak, azkenak, 2019koak, 2018tik jaiotze-tasa ere jaitsiera iraunkorra izan da.",
,2020-02-06,E,EH Bildu,,2020-02-06-86,12,1,Neutroa,Atzo esan nuen.,
,2020-02-06,E,EH Bildu,,2020-02-06-86,12,2,Neutroa,1996ko mailan gaude.,
,2020-02-06,E,EH Bildu,,2020-02-06-86,12,3,Neutroa,"% 11,8 jaitsi da azken bi urteetan.",
,2020-02-06,E,EH Bildu,,2020-02-06-86,12,4,Neutroa,"Beraz, baditugu adierazle desberdinak egoerari buelta ematen hasteko.",
,2020-02-06,E,EH Bildu,,2020-02-06-86,12,5,Positiboa,Baldin eta herri anbizioa baldin badugu.,
,2020-02-06,E,EH Bildu,,2020-02-06-86,13,0,Positiboa,"Nik gure herria, guk gure herria berriz lehen mailan ikusi nahi dugu.",
,2020-02-06,E,EH Bildu,,2020-02-06-86,13,1,Positiboa,"Hezkuntzan erreferentea izatea nahi dugu, ez Estatu mailan, Europan nahi dugu erreferente izan.",
,2020-02-06,E,EH Bildu,,2020-02-06-86,13,2,Positiboa,Eta pentsatzen dut horretarako oso osagai onak ditugula.,
,2020-02-06,E,EH Bildu,,2020-02-06-86,13,3,Positiboa,"Ibilbide luzeko hezkuntza komunitate anitza dugu, diru publikoa ere badugu, baldin eta lortzen baldin badugu behar den bezala erabiltzea.",
,2020-02-06,E,EH Bildu,,2020-02-06-86,13,4,Positiboa,"Esango nuke sorkuntza handiko herri bat garela, nahiz eta pixka bat klasistak garen, baina, aldi berean, oso solidarioak gara.",
,2020-02-06,E,EH Bildu,,2020-02-06-86,13,5,Neutroa,Nork ez ditu kontraesanak?,
,2020-02-06,E,EH Bildu,,2020-02-06-86,13,6,Neutroa,Guztiok ditugu kontraesanak.,
,2020-02-06,E,EH Bildu,,2020-02-06-86,13,7,Neutroa,"Eta guk, herri bezala ere, kontraesanak ditugu.",
,2020-02-06,E,EH Bildu,,2020-02-06-86,14,0,Positiboa,"Zergatik ez, ikusita guzti hori, eskola mapa berdefinitzen ez hasi?",
,2020-02-06,E,EH Bildu,,2020-02-06-86,14,1,Positiboa,Bada garaia.,
,2020-02-06,E,EH Bildu,,2020-02-06-86,14,2,Negatiboa,"Egia da gauza txikitxo batzuk egin ditugula, baina iraganeko gizarte bati erantzuten dion eskola mapa bat dugu.",
,2020-02-06,E,EH Bildu,,2020-02-06-86,14,3,Positiboa,"Eta beharrezkoa da planifikazioa, planifikazio on bat behar dugu, ahulenak lehen lerroan jartzeko, desabantailan dauden ikastetxeak indartzeko, itun berriak eskaini gabe zonalde horretako ikastetxe publikoetan ikas maila berean ikaspostu libreak dauden bitartean.",
,2020-02-06,E,EH Bildu,,2020-02-06-86,15,0,Positiboa,"Hori da efizientzia, hori da kudeaketa ona.",
,2020-02-06,E,EH Bildu,,2020-02-06-86,15,1,Positiboa,Hori da eraginkortasuna.,
,2020-02-06,E,EH Bildu,,2020-02-06-86,15,2,Negatiboa,Eta kudeaketa ona ez da gaur egun dagoena.,
,2020-02-06,E,EH Bildu,,2020-02-06-86,15,3,Neutroa,Eskola mapak desorekei erantzun behar die.,
,2020-02-06,E,EH Bildu,,2020-02-06-86,15,4,Positiboa,"Eta momentu honetan eskola publikoaren alde egin behar du, desoreka hor dagoelako.",
,2020-02-06,E,EH Bildu,,2020-02-06-86,15,5,Negatiboa,"Eta horrek kezka, eskola mapak horri erantzun behar dio.",
,2020-02-06,E,EH Bildu,,2020-02-06-86,15,6,Positiboa,"Beraz, goazen buelta bat ematera, planifikatzera, garai berriei erantzutera.",
,2020-02-06,E,EH Bildu,,2020-02-06-86,15,7,Positiboa,"Gure hezkuntza sistema berdimentzionatzeko, bateratzeko, eskubide eta betebehar, baldintza berberak izango dituzten ikastetxez osaturiko sistema publikoa eraikitzeko.",
,2020-02-06,E,EH Bildu,,2020-02-06-86,16,0,Positiboa,Autonomiarekin burokraziaren gurpil zorotik atera da.,
,2020-02-06,E,EH Bildu,,2020-02-06-86,16,1,Positiboa,"Hezkuntza sistemaren antolaketa, funtzionamendua, ikasleen zerbitzura jartzeko eta dagoen desenfokea enfokatzeko.",
,2020-02-06,E,EH Bildu,,2020-02-06-86,16,2,Positiboa,"Berriz ongi ipintzeko, ikaslearen hobe beharrez.",
,2020-02-06,E,EH Bildu,,2020-02-06-86,16,3,Negatiboa,Ez al duzue pentsatzen azken urteetan hezkuntza sistema kudeaketaren kalitate programa burokratikoetara eta papeleoaren justifikazio hutsetara eraman dela?,
,2020-02-06,E,EH Bildu,,2020-02-06-86,17,0,Negatiboa,"Eta ahaztu gabe, eta ahaztu egin dela, hezkuntzaren funtzioa zein den.",
,2020-02-06,E,EH Bildu,,2020-02-06-86,17,1,Neutroa,Ez duzue pentsatzen?,
,2020-02-06,E,EH Bildu,,2020-02-06-86,17,2,Neutroa,Ikusi zer gertatzen ari den.,
,2020-02-06,E,EH Bildu,,2020-02-06-86,18,0,Negatiboa,"Eta azkenean ikastetxeak eta irakasleak ari gara murgiltzen, ba burokrazia hutsean, izan beharrean bide lagunak.",
,2020-02-06,E,EH Bildu,,2020-02-06-86,18,1,Negatiboa,"Ikasleen, familien ongizatea bermatu beharrean eta beraien beharrak asetu beharrean.",
,2020-02-06,E,EH Bildu,,2020-02-06-86,18,2,Positiboa,"Eta hori behar dugu, benetan kalitatezko hezkuntza bermatu ahal izateko eta emaitza onak lortu ahal izateko.",
,2020-02-06,E,EH Bildu,,2020-02-06-86,18,3,Positiboa,"Zeren hezkuntzak funtzio bat dauka betetzeko eta guk baldintzak eskaini behar ditugu eta ahalbidetu behar ditugu, hezkuntza bere funtzioak bermatu ditzan.",
,2020-02-06,E,EH Bildu,,2020-02-06-86,19,0,Positiboa,"Garaiz gaude, inoiz ez delako berandu, nahiz eta berandu goazen.",
,2020-02-06,E,EH Bildu,,2020-02-06-86,19,1,Positiboa,Baina horrek erabakiak...,
,2020-02-06,E,EH Bildu,,2020-02-06-86,21,1,Positiboa,"eskaini behar ditugu eta ahalbidetu behar ditugu, hezkuntzak bere funtzioak bermatu ditzan.",
,2020-02-06,E,EH Bildu,,2020-02-06-86,22,0,Positiboa,"Garaiz gaude, inoiz ez delako berandu, nahiz eta berandu goazen.",
,2020-02-06,E,EH Bildu,,2020-02-06-86,22,1,Positiboa,"Baina horrek erabakiak hartzea eskatzen du, erabaki ausartak eta adostuak eskatzen du, eskuzabalak, eskuzabaltasunez, enpatiarekin eta gure hezkuntza komunitatearen eskutik, beraiekin lanean ekitea eskatzen du.",
,2020-02-06,E,EH Bildu,,2020-02-06-86,22,2,Negatiboa,Eta nik ez dakit Urkulluren Gobernua horretarako prest dagoenik.,
,2020-02-06,E,EH Bildu,,2020-02-06-86,22,3,Negatiboa,Orain arte behintzat ez du borondate handiegirik erakutsi.,
,2020-02-06,E,EH Bildu,,2020-02-06-86,22,4,Positiboa,"Eta badakigu bidea ez dela erraza, baina ez dago beste erremediorik bide malkartsua hartzea baino.",
,2020-02-06,E,EH Bildu,,2020-02-06-86,22,5,Positiboa,"Zeren guztiok irabaziko dugu, noski, guztiok utzi beharko dugu bidean zerbait, baina guztiok irabaztea da asunto honetan.",
,2020-02-06,E,EH Bildu,,2020-02-06-86,22,6,Positiboa,Hezkuntzak bete behar duen funtzioa bete dezan.,
